chromosome,lox_id,lox_order,observed_rearrangement_count,observed_rearrangement_frequency,source_file,source_sheet,position_bp,end_bp,lox_sequence_spacer,coordinate_status,active_for_topology,eligible_for_bp_mapping,fasta_record
SynII,SynII_loxPsym_0,0,38.0,0.01484375,./data\raw\zhang_2022_gce\41467_2022_33606_MOESM4_ESM.xlsx,Fig2C,304.0,337.0,ATGTACAT,resolved_from_local_fasta_motif,True,True,chr2
SynII,SynII_loxPsym_1,1,11.0,0.004296875,./data\raw\zhang_2022_gce\41467_2022_33606_MOESM4_ESM.xlsx,Fig2C,606.0,639.0,ATGTACAT,resolved_from_local_fasta_motif,True,True,chr2
SynII,SynII_loxPsym_2,2,6.0,0.00234375,./data\raw\zhang_2022_gce\41467_2022_33606_MOESM4_ESM.xlsx,Fig2C,649.0,682.0,GCATACAT,resolved_from_local_fasta_motif,True,True,chr2
SynII,SynII_loxPsym_3,3,8.0,0.003125,./data\raw\zhang_2022_gce\41467_2022_33606_MOESM4_ESM.xlsx,Fig2C,982.0,1015.0,ATGTACAT,resolved_from_local_fasta_motif,True,True,chr2
SynII,SynII_loxPsym_4,4,0.0,0.0,./data\raw\zhang_2022_gce\41467_2022_33606_MOESM4_ESM.xlsx,Fig2C,8346.0,8379.0,ATGTACAT,resolved_from_local_fasta_motif,True,True,chr2
SynII,SynII_loxPsym_5,5,7.0,0.002734375,./data\raw\zhang_2022_gce\41467_2022_33606_MOESM4_ESM.xlsx,Fig2C,12279.0,12312.0,ATGTACAT,resolved_from_local_fasta_motif,True,True,chr2
SynII,SynII_loxPsym_6,6,23.0,0.008984375,./data\raw\zhang_2022_gce\41467_2022_33606_MOESM4_ESM.xlsx,Fig2C,14989.0,15022.0,ATGTACAT,resolved_from_local_fasta_motif,True,True,chr2
SynII,SynII_loxPsym_7,7,24.0,0.009375,./data\raw\zhang_2022_gce\41467_2022_33606_MOESM4_ESM.xlsx,Fig2C,15217.0,15250.0,ATGTACAT,resolved_from_local_fasta_motif,True,True,chr2
SynII,SynII_loxPsym_8,8,51.0,0.019921875,./data\raw\zhang_2022_gce\41467_2022_33606_MOESM4_ESM.xlsx,Fig2C,19951.0,19984.0,ATGTACAT,resolved_from_local_fasta_motif,True,True,chr2
SynII,SynII_loxPsym_9,9,2.0,0.00078125,./data\raw\zhang_2022_gce\41467_2022_33606_MOESM4_ESM.xlsx,Fig2C,22190.0,22223.0,ATGTACAT,resolved_from_local_fasta_motif,True,True,chr2
SynII,SynII_loxPsym_10,10,4.0,0.0015625,./data\raw\zhang_2022_gce\41467_2022_33606_MOESM4_ESM.xlsx,Fig2C,24061.0,24094.0,ATGTACAT,resolved_from_local_fasta_motif,True,True,chr2
SynII,SynII_loxPsym_11,11,5.0,0.001953125,./data\raw\zhang_2022_gce\41467_2022_33606_MOESM4_ESM.xlsx,Fig2C,27817.0,27850.0,ATGTACAT,resolved_from_local_fasta_motif,True,True,chr2
SynII,SynII_loxPsym_12,12,7.0,0.002734375,./data\raw\zhang_2022_gce\41467_2022_33606_MOESM4_ESM.xlsx,Fig2C,30160.0,30193.0,ATGTACAT,resolved_from_local_fasta_motif,True,True,chr2
SynII,SynII_loxPsym_13,13,4.0,0.0015625,./data\raw\zhang_2022_gce\41467_2022_33606_MOESM4_ESM.xlsx,Fig2C,30904.0,30937.0,ATGTACAT,resolved_from_local_fasta_motif,True,True,chr2
SynII,SynII_loxPsym_14,14,6.0,0.00234375,./data\raw\zhang_2022_gce\41467_2022_33606_MOESM4_ESM.xlsx,Fig2C,32940.0,32973.0,ATGTACAT,resolved_from_local_fasta_motif,True,True,chr2
SynII,SynII_loxPsym_15,15,9.0,0.003515625,./data\raw\zhang_2022_gce\41467_2022_33606_MOESM4_ESM.xlsx,Fig2C,34569.0,34602.0,ATGTACAT,resolved_from_local_fasta_motif,True,True,chr2
SynII,SynII_loxPsym_16,16,2.0,0.00078125,./data\raw\zhang_2022_gce\41467_2022_33606_MOESM4_ESM.xlsx,Fig2C,34662.0,34695.0,ATGTACAT,resolved_from_local_fasta_motif,True,True,chr2
SynII,SynII_loxPsym_17,17,16.0,0.00625,./data\raw\zhang_2022_gce\41467_2022_33606_MOESM4_ESM.xlsx,Fig2C,43499.0,43532.0,ATGTACAT,resolved_from_local_fasta_motif,True,True,chr2
SynII,SynII_loxPsym_18,18,5.0,0.001953125,./data\raw\zhang_2022_gce\41467_2022_33606_MOESM4_ESM.xlsx,Fig2C,50536.0,50569.0,ATGTACAT,resolved_from_local_fasta_motif,True,True,chr2
SynII,SynII_loxPsym_19,19,7.0,0.002734375,./data\raw\zhang_2022_gce\41467_2022_33606_MOESM4_ESM.xlsx,Fig2C,56815.0,56848.0,ATGTACAT,resolved_from_local_fasta_motif,True,True,chr2
SynII,SynII_loxPsym_20,20,32.0,0.0125,./data\raw\zhang_2022_gce\41467_2022_33606_MOESM4_ESM.xlsx,Fig2C,63553.0,63586.0,ATGTACAT,resolved_from_local_fasta_motif,True,True,chr2
SynII,SynII_loxPsym_21,21,12.0,0.0046875,./data\raw\zhang_2022_gce\41467_2022_33606_MOESM4_ESM.xlsx,Fig2C,68312.0,68345.0,ATGTACAT,resolved_from_local_fasta_motif,True,True,chr2
SynII,SynII_loxPsym_22,22,9.0,0.003515625,./data\raw\zhang_2022_gce\41467_2022_33606_MOESM4_ESM.xlsx,Fig2C,72370.0,72403.0,ATGTACAT,resolved_from_local_fasta_motif,True,True,chr2
SynII,SynII_loxPsym_23,23,4.0,0.0015625,./data\raw\zhang_2022_gce\41467_2022_33606_MOESM4_ESM.xlsx,Fig2C,75918.0,75951.0,ATGTACAT,resolved_from_local_fasta_motif,True,True,chr2
SynII,SynII_loxPsym_24,24,3.0,0.001171875,./data\raw\zhang_2022_gce\41467_2022_33606_MOESM4_ESM.xlsx,Fig2C,77316.0,77349.0,ATGTACAT,resolved_from_local_fasta_motif,True,True,chr2
SynII,SynII_loxPsym_25,25,1.0,0.000390625,./data\raw\zhang_2022_gce\41467_2022_33606_MOESM4_ESM.xlsx,Fig2C,77588.0,77621.0,ATGTACAT,resolved_from_local_fasta_motif,True,True,chr2
SynII,SynII_loxPsym_26,26,4.0,0.0015625,./data\raw\zhang_2022_gce\41467_2022_33606_MOESM4_ESM.xlsx,Fig2C,80652.0,80685.0,ATGTACAT,resolved_from_local_fasta_motif,True,True,chr2
SynII,SynII_loxPsym_27,27,1.0,0.000390625,./data\raw\zhang_2022_gce\41467_2022_33606_MOESM4_ESM.xlsx,Fig2C,84388.0,84421.0,ATGTACAT,resolved_from_local_fasta_motif,True,True,chr2
SynII,SynII_loxPsym_28,28,7.0,0.002734375,./data\raw\zhang_2022_gce\41467_2022_33606_MOESM4_ESM.xlsx,Fig2C,89279.0,89312.0,ATGTACAT,resolved_from_local_fasta_motif,True,True,chr2
SynII,SynII_loxPsym_29,29,0.0,0.0,./data\raw\zhang_2022_gce\41467_2022_33606_MOESM4_ESM.xlsx,Fig2C,94087.0,94120.0,ATGTACAT,resolved_from_local_fasta_motif,True,True,chr2
SynII,SynII_loxPsym_30,30,3.0,0.001171875,./data\raw\zhang_2022_gce\41467_2022_33606_MOESM4_ESM.xlsx,Fig2C,94244.0,94277.0,ATGTACAT,resolved_from_local_fasta_motif,True,True,chr2
SynII,SynII_loxPsym_31,31,6.0,0.00234375,./data\raw\zhang_2022_gce\41467_2022_33606_MOESM4_ESM.xlsx,Fig2C,96714.0,96747.0,ATGTACAT,resolved_from_local_fasta_motif,True,True,chr2
SynII,SynII_loxPsym_32,32,2.0,0.00078125,./data\raw\zhang_2022_gce\41467_2022_33606_MOESM4_ESM.xlsx,Fig2C,96834.0,96867.0,ATGTACAT,resolved_from_local_fasta_motif,True,True,chr2
SynII,SynII_loxPsym_33,33,3.0,0.001171875,./data\raw\zhang_2022_gce\41467_2022_33606_MOESM4_ESM.xlsx,Fig2C,99242.0,99275.0,ATGTACAT,resolved_from_local_fasta_motif,True,True,chr2
SynII,SynII_loxPsym_34,34,3.0,0.001171875,./data\raw\zhang_2022_gce\41467_2022_33606_MOESM4_ESM.xlsx,Fig2C,99674.0,99707.0,ATGTACAT,resolved_from_local_fasta_motif,True,True,chr2
SynII,SynII_loxPsym_35,35,3.0,0.001171875,./data\raw\zhang_2022_gce\41467_2022_33606_MOESM4_ESM.xlsx,Fig2C,103308.0,103341.0,ATGTACAT,resolved_from_local_fasta_motif,True,True,chr2
SynII,SynII_loxPsym_36,36,1.0,0.000390625,./data\raw\zhang_2022_gce\41467_2022_33606_MOESM4_ESM.xlsx,Fig2C,106922.0,106955.0,ATGTACAT,resolved_from_local_fasta_motif,True,True,chr2
SynII,SynII_loxPsym_37,37,3.0,0.001171875,./data\raw\zhang_2022_gce\41467_2022_33606_MOESM4_ESM.xlsx,Fig2C,111338.0,111371.0,ATGTACAT,resolved_from_local_fasta_motif,True,True,chr2
SynII,SynII_loxPsym_38,38,3.0,0.001171875,./data\raw\zhang_2022_gce\41467_2022_33606_MOESM4_ESM.xlsx,Fig2C,112016.0,112049.0,ATGTACAT,resolved_from_local_fasta_motif,True,True,chr2
SynII,SynII_loxPsym_39,39,1.0,0.000390625,./data\raw\zhang_2022_gce\41467_2022_33606_MOESM4_ESM.xlsx,Fig2C,117911.0,117944.0,ATGTACAT,resolved_from_local_fasta_motif,True,True,chr2
SynII,SynII_loxPsym_40,40,9.0,0.003515625,./data\raw\zhang_2022_gce\41467_2022_33606_MOESM4_ESM.xlsx,Fig2C,118332.0,118365.0,ATGTACAT,resolved_from_local_fasta_motif,True,True,chr2
SynII,SynII_loxPsym_41,41,9.0,0.003515625,./data\raw\zhang_2022_gce\41467_2022_33606_MOESM4_ESM.xlsx,Fig2C,121691.0,121724.0,ATGTACAT,resolved_from_local_fasta_motif,True,True,chr2
SynII,SynII_loxPsym_42,42,3.0,0.001171875,./data\raw\zhang_2022_gce\41467_2022_33606_MOESM4_ESM.xlsx,Fig2C,122598.0,122631.0,ATGTACAT,resolved_from_local_fasta_motif,True,True,chr2
SynII,SynII_loxPsym_43,43,2.0,0.00078125,./data\raw\zhang_2022_gce\41467_2022_33606_MOESM4_ESM.xlsx,Fig2C,128183.0,128216.0,ATGTACAT,resolved_from_local_fasta_motif,True,True,chr2
SynII,SynII_loxPsym_44,44,2.0,0.00078125,./data\raw\zhang_2022_gce\41467_2022_33606_MOESM4_ESM.xlsx,Fig2C,131120.0,131153.0,ATGTACAT,resolved_from_local_fasta_motif,True,True,chr2
SynII,SynII_loxPsym_45,45,25.0,0.009765625,./data\raw\zhang_2022_gce\41467_2022_33606_MOESM4_ESM.xlsx,Fig2C,134555.0,134588.0,ATGTACAT,resolved_from_local_fasta_motif,True,True,chr2
SynII,SynII_loxPsym_46,46,24.0,0.009375,./data\raw\zhang_2022_gce\41467_2022_33606_MOESM4_ESM.xlsx,Fig2C,134743.0,134776.0,ATGTACAT,resolved_from_local_fasta_motif,True,True,chr2
SynII,SynII_loxPsym_47,47,5.0,0.001953125,./data\raw\zhang_2022_gce\41467_2022_33606_MOESM4_ESM.xlsx,Fig2C,142986.0,143019.0,ATGTACAT,resolved_from_local_fasta_motif,True,True,chr2
SynII,SynII_loxPsym_48,48,7.0,0.002734375,./data\raw\zhang_2022_gce\41467_2022_33606_MOESM4_ESM.xlsx,Fig2C,145700.0,145733.0,ATGTACAT,resolved_from_local_fasta_motif,True,True,chr2
SynII,SynII_loxPsym_49,49,5.0,0.001953125,./data\raw\zhang_2022_gce\41467_2022_33606_MOESM4_ESM.xlsx,Fig2C,147120.0,147153.0,ATGTACAT,resolved_from_local_fasta_motif,True,True,chr2
SynII,SynII_loxPsym_50,50,0.0,0.0,./data\raw\zhang_2022_gce\41467_2022_33606_MOESM4_ESM.xlsx,Fig2C,151950.0,151983.0,ATGTACAT,resolved_from_local_fasta_motif,True,True,chr2
SynII,SynII_loxPsym_51,51,0.0,0.0,./data\raw\zhang_2022_gce\41467_2022_33606_MOESM4_ESM.xlsx,Fig2C,153850.0,153883.0,ATGTACAT,resolved_from_local_fasta_motif,True,True,chr2
SynII,SynII_loxPsym_52,52,1.0,0.000390625,./data\raw\zhang_2022_gce\41467_2022_33606_MOESM4_ESM.xlsx,Fig2C,156298.0,156331.0,ATGTACAT,resolved_from_local_fasta_motif,True,True,chr2
SynII,SynII_loxPsym_53,53,7.0,0.002734375,./data\raw\zhang_2022_gce\41467_2022_33606_MOESM4_ESM.xlsx,Fig2C,159002.0,159035.0,ATGTACAT,resolved_from_local_fasta_motif,True,True,chr2
SynII,SynII_loxPsym_54,54,7.0,0.002734375,./data\raw\zhang_2022_gce\41467_2022_33606_MOESM4_ESM.xlsx,Fig2C,162315.0,162348.0,ATGTACAT,resolved_from_local_fasta_motif,True,True,chr2
SynII,SynII_loxPsym_55,55,9.0,0.003515625,./data\raw\zhang_2022_gce\41467_2022_33606_MOESM4_ESM.xlsx,Fig2C,166135.0,166168.0,ATGTACAT,resolved_from_local_fasta_motif,True,True,chr2
SynII,SynII_loxPsym_56,56,2.0,0.00078125,./data\raw\zhang_2022_gce\41467_2022_33606_MOESM4_ESM.xlsx,Fig2C,170431.0,170464.0,ATGTACAT,resolved_from_local_fasta_motif,True,True,chr2
SynII,SynII_loxPsym_57,57,10.0,0.00390625,./data\raw\zhang_2022_gce\41467_2022_33606_MOESM4_ESM.xlsx,Fig2C,171312.0,171345.0,ATGTACAT,resolved_from_local_fasta_motif,True,True,chr2
SynII,SynII_loxPsym_58,58,4.0,0.0015625,./data\raw\zhang_2022_gce\41467_2022_33606_MOESM4_ESM.xlsx,Fig2C,178021.0,178054.0,ATGTACAT,resolved_from_local_fasta_motif,True,True,chr2
SynII,SynII_loxPsym_59,59,4.0,0.0015625,./data\raw\zhang_2022_gce\41467_2022_33606_MOESM4_ESM.xlsx,Fig2C,180245.0,180278.0,ATGTACAT,resolved_from_local_fasta_motif,True,True,chr2
SynII,SynII_loxPsym_60,60,5.0,0.001953125,./data\raw\zhang_2022_gce\41467_2022_33606_MOESM4_ESM.xlsx,Fig2C,181531.0,181564.0,ATGTACAT,resolved_from_local_fasta_motif,True,True,chr2
SynII,SynII_loxPsym_61,61,16.0,0.00625,./data\raw\zhang_2022_gce\41467_2022_33606_MOESM4_ESM.xlsx,Fig2C,186772.0,186805.0,ATGTACAT,resolved_from_local_fasta_motif,True,True,chr2
SynII,SynII_loxPsym_62,62,7.0,0.002734375,./data\raw\zhang_2022_gce\41467_2022_33606_MOESM4_ESM.xlsx,Fig2C,189362.0,189395.0,ATGTACAT,resolved_from_local_fasta_motif,True,True,chr2
SynII,SynII_loxPsym_63,63,6.0,0.00234375,./data\raw\zhang_2022_gce\41467_2022_33606_MOESM4_ESM.xlsx,Fig2C,192803.0,192836.0,ATGTACAT,resolved_from_local_fasta_motif,True,True,chr2
SynII,SynII_loxPsym_64,64,8.0,0.003125,./data\raw\zhang_2022_gce\41467_2022_33606_MOESM4_ESM.xlsx,Fig2C,195788.0,195821.0,ATGTACAT,resolved_from_local_fasta_motif,True,True,chr2
SynII,SynII_loxPsym_65,65,9.0,0.003515625,./data\raw\zhang_2022_gce\41467_2022_33606_MOESM4_ESM.xlsx,Fig2C,196272.0,196305.0,ATGTACAT,resolved_from_local_fasta_motif,True,True,chr2
SynII,SynII_loxPsym_66,66,11.0,0.004296875,./data\raw\zhang_2022_gce\41467_2022_33606_MOESM4_ESM.xlsx,Fig2C,200261.0,200294.0,ATGTACAT,resolved_from_local_fasta_motif,True,True,chr2
SynII,SynII_loxPsym_67,67,12.0,0.0046875,./data\raw\zhang_2022_gce\41467_2022_33606_MOESM4_ESM.xlsx,Fig2C,204115.0,204148.0,ATGTACAT,resolved_from_local_fasta_motif,True,True,chr2
SynII,SynII_loxPsym_68,68,19.0,0.007421875,./data\raw\zhang_2022_gce\41467_2022_33606_MOESM4_ESM.xlsx,Fig2C,204640.0,204673.0,ATGTACAT,resolved_from_local_fasta_motif,True,True,chr2
SynII,SynII_loxPsym_69,69,17.0,0.006640625,./data\raw\zhang_2022_gce\41467_2022_33606_MOESM4_ESM.xlsx,Fig2C,212908.0,212941.0,ATGTACAT,resolved_from_local_fasta_motif,True,True,chr2
SynII,SynII_loxPsym_70,70,5.0,0.001953125,./data\raw\zhang_2022_gce\41467_2022_33606_MOESM4_ESM.xlsx,Fig2C,214442.0,214475.0,ATGTACAT,resolved_from_local_fasta_motif,True,True,chr2
SynII,SynII_loxPsym_71,71,10.0,0.00390625,./data\raw\zhang_2022_gce\41467_2022_33606_MOESM4_ESM.xlsx,Fig2C,214735.0,214768.0,ATGTACAT,resolved_from_local_fasta_motif,True,True,chr2
SynII,SynII_loxPsym_72,72,12.0,0.0046875,./data\raw\zhang_2022_gce\41467_2022_33606_MOESM4_ESM.xlsx,Fig2C,215629.0,215662.0,ATGTACAT,resolved_from_local_fasta_motif,True,True,chr2
SynII,SynII_loxPsym_73,73,11.0,0.004296875,./data\raw\zhang_2022_gce\41467_2022_33606_MOESM4_ESM.xlsx,Fig2C,216588.0,216621.0,ATGTACAT,resolved_from_local_fasta_motif,True,True,chr2
SynII,SynII_loxPsym_74,74,9.0,0.003515625,./data\raw\zhang_2022_gce\41467_2022_33606_MOESM4_ESM.xlsx,Fig2C,221918.0,221951.0,ATGTACAT,resolved_from_local_fasta_motif,True,True,chr2
SynII,SynII_loxPsym_75,75,15.0,0.005859375,./data\raw\zhang_2022_gce\41467_2022_33606_MOESM4_ESM.xlsx,Fig2C,226225.0,226258.0,ATGTACAT,resolved_from_local_fasta_motif,True,True,chr2
SynII,SynII_loxPsym_76,76,11.0,0.004296875,./data\raw\zhang_2022_gce\41467_2022_33606_MOESM4_ESM.xlsx,Fig2C,230312.0,230345.0,ATGTACAT,resolved_from_local_fasta_motif,True,True,chr2
SynII,SynII_loxPsym_77,77,11.0,0.004296875,./data\raw\zhang_2022_gce\41467_2022_33606_MOESM4_ESM.xlsx,Fig2C,234531.0,234564.0,ATGTACAT,resolved_from_local_fasta_motif,True,True,chr2
SynII,SynII_loxPsym_78,78,40.0,0.015625,./data\raw\zhang_2022_gce\41467_2022_33606_MOESM4_ESM.xlsx,Fig2C,236490.0,236523.0,ATGTACAT,resolved_from_local_fasta_motif,True,True,chr2
SynII,SynII_loxPsym_79,79,8.0,0.003125,./data\raw\zhang_2022_gce\41467_2022_33606_MOESM4_ESM.xlsx,Fig2C,236795.0,236828.0,ATGTACAT,resolved_from_local_fasta_motif,True,True,chr2
SynII,SynII_loxPsym_80,80,23.0,0.008984375,./data\raw\zhang_2022_gce\41467_2022_33606_MOESM4_ESM.xlsx,Fig2C,237814.0,237847.0,ATGTACAT,resolved_from_local_fasta_motif,True,True,chr2
SynII,SynII_loxPsym_81,81,26.0,0.01015625,./data\raw\zhang_2022_gce\41467_2022_33606_MOESM4_ESM.xlsx,Fig2C,240778.0,240811.0,ATGTACAT,resolved_from_local_fasta_motif,True,True,chr2
SynII,SynII_loxPsym_82,82,30.0,0.01171875,./data\raw\zhang_2022_gce\41467_2022_33606_MOESM4_ESM.xlsx,Fig2C,241119.0,241152.0,ATGTACAT,resolved_from_local_fasta_motif,True,True,chr2
SynII,SynII_loxPsym_83,83,11.0,0.004296875,./data\raw\zhang_2022_gce\41467_2022_33606_MOESM4_ESM.xlsx,Fig2C,244630.0,244663.0,ATGTACAT,resolved_from_local_fasta_motif,True,True,chr2
SynII,SynII_loxPsym_84,84,3.0,0.001171875,./data\raw\zhang_2022_gce\41467_2022_33606_MOESM4_ESM.xlsx,Fig2C,246490.0,246523.0,ATGTACAT,resolved_from_local_fasta_motif,True,True,chr2
SynII,SynII_loxPsym_85,85,4.0,0.0015625,./data\raw\zhang_2022_gce\41467_2022_33606_MOESM4_ESM.xlsx,Fig2C,250885.0,250918.0,ATGTACAT,resolved_from_local_fasta_motif,True,True,chr2
SynII,SynII_loxPsym_86,86,5.0,0.001953125,./data\raw\zhang_2022_gce\41467_2022_33606_MOESM4_ESM.xlsx,Fig2C,253656.0,253689.0,ATGTACAT,resolved_from_local_fasta_motif,True,True,chr2
SynII,SynII_loxPsym_87,87,15.0,0.005859375,./data\raw\zhang_2022_gce\41467_2022_33606_MOESM4_ESM.xlsx,Fig2C,254617.0,254650.0,ATGTACAT,resolved_from_local_fasta_motif,True,True,chr2
SynII,SynII_loxPsym_88,88,8.0,0.003125,./data\raw\zhang_2022_gce\41467_2022_33606_MOESM4_ESM.xlsx,Fig2C,254801.0,254834.0,ATGTACAT,resolved_from_local_fasta_motif,True,True,chr2
SynII,SynII_loxPsym_89,89,31.0,0.012109375,./data\raw\zhang_2022_gce\41467_2022_33606_MOESM4_ESM.xlsx,Fig2C,260764.0,260797.0,ATGTACAT,resolved_from_local_fasta_motif,True,True,chr2
SynII,SynII_loxPsym_90,90,41.0,0.016015625,./data\raw\zhang_2022_gce\41467_2022_33606_MOESM4_ESM.xlsx,Fig2C,261122.0,261155.0,ATGTACAT,resolved_from_local_fasta_motif,True,True,chr2
SynII,SynII_loxPsym_91,91,0.0,0.0,./data\raw\zhang_2022_gce\41467_2022_33606_MOESM4_ESM.xlsx,Fig2C,263352.0,263385.0,ATGTACAT,resolved_from_local_fasta_motif,True,True,chr2
SynII,SynII_loxPsym_92,92,3.0,0.001171875,./data\raw\zhang_2022_gce\41467_2022_33606_MOESM4_ESM.xlsx,Fig2C,264934.0,264967.0,ATGTACAT,resolved_from_local_fasta_motif,True,True,chr2
SynII,SynII_loxPsym_93,93,11.0,0.004296875,./data\raw\zhang_2022_gce\41467_2022_33606_MOESM4_ESM.xlsx,Fig2C,270500.0,270533.0,ATGTACAT,resolved_from_local_fasta_motif,True,True,chr2
SynII,SynII_loxPsym_94,94,15.0,0.005859375,./data\raw\zhang_2022_gce\41467_2022_33606_MOESM4_ESM.xlsx,Fig2C,271838.0,271871.0,ATGTACAT,resolved_from_local_fasta_motif,True,True,chr2
SynII,SynII_loxPsym_95,95,7.0,0.002734375,./data\raw\zhang_2022_gce\41467_2022_33606_MOESM4_ESM.xlsx,Fig2C,275541.0,275574.0,ATGTACAT,resolved_from_local_fasta_motif,True,True,chr2
SynII,SynII_loxPsym_96,96,3.0,0.001171875,./data\raw\zhang_2022_gce\41467_2022_33606_MOESM4_ESM.xlsx,Fig2C,276914.0,276947.0,ATGTACAT,resolved_from_local_fasta_motif,True,True,chr2
SynII,SynII_loxPsym_97,97,1.0,0.000390625,./data\raw\zhang_2022_gce\41467_2022_33606_MOESM4_ESM.xlsx,Fig2C,279760.0,279793.0,ATGTACAT,resolved_from_local_fasta_motif,True,True,chr2
SynII,SynII_loxPsym_98,98,4.0,0.0015625,./data\raw\zhang_2022_gce\41467_2022_33606_MOESM4_ESM.xlsx,Fig2C,281278.0,281311.0,ATGTACAT,resolved_from_local_fasta_motif,True,True,chr2
SynII,SynII_loxPsym_99,99,6.0,0.00234375,./data\raw\zhang_2022_gce\41467_2022_33606_MOESM4_ESM.xlsx,Fig2C,287264.0,287297.0,ATGTACAT,resolved_from_local_fasta_motif,True,True,chr2
SynII,SynII_loxPsym_100,100,5.0,0.001953125,./data\raw\zhang_2022_gce\41467_2022_33606_MOESM4_ESM.xlsx,Fig2C,288652.0,288685.0,ATGTACAT,resolved_from_local_fasta_motif,True,True,chr2
SynII,SynII_loxPsym_101,101,2.0,0.00078125,./data\raw\zhang_2022_gce\41467_2022_33606_MOESM4_ESM.xlsx,Fig2C,291097.0,291130.0,ATGTACAT,resolved_from_local_fasta_motif,True,True,chr2
SynII,SynII_loxPsym_102,102,6.0,0.00234375,./data\raw\zhang_2022_gce\41467_2022_33606_MOESM4_ESM.xlsx,Fig2C,291265.0,291298.0,ATGTACAT,resolved_from_local_fasta_motif,True,True,chr2
SynII,SynII_loxPsym_103,103,2.0,0.00078125,./data\raw\zhang_2022_gce\41467_2022_33606_MOESM4_ESM.xlsx,Fig2C,292759.0,292792.0,ATGTACAT,resolved_from_local_fasta_motif,True,True,chr2
SynII,SynII_loxPsym_104,104,7.0,0.002734375,./data\raw\zhang_2022_gce\41467_2022_33606_MOESM4_ESM.xlsx,Fig2C,295258.0,295291.0,ATGTACAT,resolved_from_local_fasta_motif,True,True,chr2
SynII,SynII_loxPsym_105,105,11.0,0.004296875,./data\raw\zhang_2022_gce\41467_2022_33606_MOESM4_ESM.xlsx,Fig2C,297746.0,297779.0,ATGTACAT,resolved_from_local_fasta_motif,True,True,chr2
SynII,SynII_loxPsym_106,106,12.0,0.0046875,./data\raw\zhang_2022_gce\41467_2022_33606_MOESM4_ESM.xlsx,Fig2C,298245.0,298278.0,ATGTACAT,resolved_from_local_fasta_motif,True,True,chr2
SynII,SynII_loxPsym_107,107,3.0,0.001171875,./data\raw\zhang_2022_gce\41467_2022_33606_MOESM4_ESM.xlsx,Fig2C,300613.0,300646.0,ATGTACAT,resolved_from_local_fasta_motif,True,True,chr2
SynII,SynII_loxPsym_108,108,3.0,0.001171875,./data\raw\zhang_2022_gce\41467_2022_33606_MOESM4_ESM.xlsx,Fig2C,303959.0,303992.0,ATGTACAT,resolved_from_local_fasta_motif,True,True,chr2
SynII,SynII_loxPsym_109,109,8.0,0.003125,./data\raw\zhang_2022_gce\41467_2022_33606_MOESM4_ESM.xlsx,Fig2C,307357.0,307390.0,ATGTACAT,resolved_from_local_fasta_motif,True,True,chr2
SynII,SynII_loxPsym_110,110,10.0,0.00390625,./data\raw\zhang_2022_gce\41467_2022_33606_MOESM4_ESM.xlsx,Fig2C,308928.0,308961.0,ATGTACAT,resolved_from_local_fasta_motif,True,True,chr2
SynII,SynII_loxPsym_111,111,8.0,0.003125,./data\raw\zhang_2022_gce\41467_2022_33606_MOESM4_ESM.xlsx,Fig2C,314384.0,314417.0,ATGTACAT,resolved_from_local_fasta_motif,True,True,chr2
SynII,SynII_loxPsym_112,112,16.0,0.00625,./data\raw\zhang_2022_gce\41467_2022_33606_MOESM4_ESM.xlsx,Fig2C,317882.0,317915.0,ATGTACAT,resolved_from_local_fasta_motif,True,True,chr2
SynII,SynII_loxPsym_113,113,44.0,0.0171875,./data\raw\zhang_2022_gce\41467_2022_33606_MOESM4_ESM.xlsx,Fig2C,320688.0,320721.0,ATGTACAT,resolved_from_local_fasta_motif,True,True,chr2
SynII,SynII_loxPsym_114,114,6.0,0.00234375,./data\raw\zhang_2022_gce\41467_2022_33606_MOESM4_ESM.xlsx,Fig2C,322013.0,322046.0,ATGTACAT,resolved_from_local_fasta_motif,True,True,chr2
SynII,SynII_loxPsym_115,115,43.0,0.016796875,./data\raw\zhang_2022_gce\41467_2022_33606_MOESM4_ESM.xlsx,Fig2C,323526.0,323559.0,ATGTACAT,resolved_from_local_fasta_motif,True,True,chr2
SynII,SynII_loxPsym_116,116,45.0,0.017578125,./data\raw\zhang_2022_gce\41467_2022_33606_MOESM4_ESM.xlsx,Fig2C,326212.0,326245.0,ATGTACAT,resolved_from_local_fasta_motif,True,True,chr2
SynII,SynII_loxPsym_117,117,3.0,0.001171875,./data\raw\zhang_2022_gce\41467_2022_33606_MOESM4_ESM.xlsx,Fig2C,326783.0,326816.0,ATGTACAT,resolved_from_local_fasta_motif,True,True,chr2
SynII,SynII_loxPsym_118,118,1.0,0.000390625,./data\raw\zhang_2022_gce\41467_2022_33606_MOESM4_ESM.xlsx,Fig2C,334743.0,334776.0,ATGTACAT,resolved_from_local_fasta_motif,True,True,chr2
SynII,SynII_loxPsym_119,119,4.0,0.0015625,./data\raw\zhang_2022_gce\41467_2022_33606_MOESM4_ESM.xlsx,Fig2C,338492.0,338525.0,ATGTACAT,resolved_from_local_fasta_motif,True,True,chr2
SynII,SynII_loxPsym_120,120,2.0,0.00078125,./data\raw\zhang_2022_gce\41467_2022_33606_MOESM4_ESM.xlsx,Fig2C,339979.0,340012.0,ATGTACAT,resolved_from_local_fasta_motif,True,True,chr2
SynII,SynII_loxPsym_121,121,1.0,0.000390625,./data\raw\zhang_2022_gce\41467_2022_33606_MOESM4_ESM.xlsx,Fig2C,342079.0,342112.0,ATGTACAT,resolved_from_local_fasta_motif,True,True,chr2
SynII,SynII_loxPsym_122,122,9.0,0.003515625,./data\raw\zhang_2022_gce\41467_2022_33606_MOESM4_ESM.xlsx,Fig2C,343871.0,343904.0,ATGTACAT,resolved_from_local_fasta_motif,True,True,chr2
SynII,SynII_loxPsym_123,123,8.0,0.003125,./data\raw\zhang_2022_gce\41467_2022_33606_MOESM4_ESM.xlsx,Fig2C,346618.0,346651.0,ATGTACAT,resolved_from_local_fasta_motif,True,True,chr2
SynII,SynII_loxPsym_124,124,12.0,0.0046875,./data\raw\zhang_2022_gce\41467_2022_33606_MOESM4_ESM.xlsx,Fig2C,351131.0,351164.0,ATGTACAT,resolved_from_local_fasta_motif,True,True,chr2
SynII,SynII_loxPsym_125,125,7.0,0.002734375,./data\raw\zhang_2022_gce\41467_2022_33606_MOESM4_ESM.xlsx,Fig2C,352793.0,352826.0,ATGTACAT,resolved_from_local_fasta_motif,True,True,chr2
SynII,SynII_loxPsym_126,126,13.0,0.005078125,./data\raw\zhang_2022_gce\41467_2022_33606_MOESM4_ESM.xlsx,Fig2C,356141.0,356174.0,ATGTACAT,resolved_from_local_fasta_motif,True,True,chr2
SynII,SynII_loxPsym_127,127,3.0,0.001171875,./data\raw\zhang_2022_gce\41467_2022_33606_MOESM4_ESM.xlsx,Fig2C,361478.0,361511.0,ATGTACAT,resolved_from_local_fasta_motif,True,True,chr2
SynII,SynII_loxPsym_128,128,0.0,0.0,./data\raw\zhang_2022_gce\41467_2022_33606_MOESM4_ESM.xlsx,Fig2C,362019.0,362052.0,ATGTACAT,resolved_from_local_fasta_motif,True,True,chr2
SynII,SynII_loxPsym_129,129,1.0,0.000390625,./data\raw\zhang_2022_gce\41467_2022_33606_MOESM4_ESM.xlsx,Fig2C,364667.0,364700.0,ATGTACAT,resolved_from_local_fasta_motif,True,True,chr2
SynII,SynII_loxPsym_130,130,7.0,0.002734375,./data\raw\zhang_2022_gce\41467_2022_33606_MOESM4_ESM.xlsx,Fig2C,371205.0,371238.0,ATGTACAT,resolved_from_local_fasta_motif,True,True,chr2
SynII,SynII_loxPsym_131,131,15.0,0.005859375,./data\raw\zhang_2022_gce\41467_2022_33606_MOESM4_ESM.xlsx,Fig2C,375867.0,375900.0,ATGTACAT,resolved_from_local_fasta_motif,True,True,chr2
SynII,SynII_loxPsym_132,132,5.0,0.001953125,./data\raw\zhang_2022_gce\41467_2022_33606_MOESM4_ESM.xlsx,Fig2C,376494.0,376527.0,ATGTACAT,resolved_from_local_fasta_motif,True,True,chr2
SynII,SynII_loxPsym_133,133,9.0,0.003515625,./data\raw\zhang_2022_gce\41467_2022_33606_MOESM4_ESM.xlsx,Fig2C,380441.0,380474.0,ATGTACAT,resolved_from_local_fasta_motif,True,True,chr2
SynII,SynII_loxPsym_134,134,21.0,0.008203125,./data\raw\zhang_2022_gce\41467_2022_33606_MOESM4_ESM.xlsx,Fig2C,383827.0,383860.0,ATGTACAT,resolved_from_local_fasta_motif,True,True,chr2
SynII,SynII_loxPsym_135,135,40.0,0.015625,./data\raw\zhang_2022_gce\41467_2022_33606_MOESM4_ESM.xlsx,Fig2C,384059.0,384092.0,ATGTACAT,resolved_from_local_fasta_motif,True,True,chr2
SynII,SynII_loxPsym_136,136,3.0,0.001171875,./data\raw\zhang_2022_gce\41467_2022_33606_MOESM4_ESM.xlsx,Fig2C,386314.0,386347.0,ATGTACAT,resolved_from_local_fasta_motif,True,True,chr2
SynII,SynII_loxPsym_137,137,11.0,0.004296875,./data\raw\zhang_2022_gce\41467_2022_33606_MOESM4_ESM.xlsx,Fig2C,389636.0,389669.0,ATGTACAT,resolved_from_local_fasta_motif,True,True,chr2
SynII,SynII_loxPsym_138,138,14.0,0.00546875,./data\raw\zhang_2022_gce\41467_2022_33606_MOESM4_ESM.xlsx,Fig2C,395659.0,395692.0,ATGTACAT,resolved_from_local_fasta_motif,True,True,chr2
SynII,SynII_loxPsym_139,139,1.0,0.000390625,./data\raw\zhang_2022_gce\41467_2022_33606_MOESM4_ESM.xlsx,Fig2C,396844.0,396877.0,ATGTACAT,resolved_from_local_fasta_motif,True,True,chr2
SynII,SynII_loxPsym_140,140,5.0,0.001953125,./data\raw\zhang_2022_gce\41467_2022_33606_MOESM4_ESM.xlsx,Fig2C,398728.0,398761.0,ATGTACAT,resolved_from_local_fasta_motif,True,True,chr2
SynII,SynII_loxPsym_141,141,3.0,0.001171875,./data\raw\zhang_2022_gce\41467_2022_33606_MOESM4_ESM.xlsx,Fig2C,403518.0,403551.0,ATGTACAT,resolved_from_local_fasta_motif,True,True,chr2
SynII,SynII_loxPsym_142,142,5.0,0.001953125,./data\raw\zhang_2022_gce\41467_2022_33606_MOESM4_ESM.xlsx,Fig2C,403654.0,403687.0,ATGTACAT,resolved_from_local_fasta_motif,True,True,chr2
SynII,SynII_loxPsym_143,143,2.0,0.00078125,./data\raw\zhang_2022_gce\41467_2022_33606_MOESM4_ESM.xlsx,Fig2C,410604.0,410637.0,ATGTACAT,resolved_from_local_fasta_motif,True,True,chr2
SynII,SynII_loxPsym_144,144,2.0,0.00078125,./data\raw\zhang_2022_gce\41467_2022_33606_MOESM4_ESM.xlsx,Fig2C,412913.0,412946.0,ATGTACAT,resolved_from_local_fasta_motif,True,True,chr2
SynII,SynII_loxPsym_145,145,2.0,0.00078125,./data\raw\zhang_2022_gce\41467_2022_33606_MOESM4_ESM.xlsx,Fig2C,413171.0,413204.0,ATGTACAT,resolved_from_local_fasta_motif,True,True,chr2
SynII,SynII_loxPsym_146,146,7.0,0.002734375,./data\raw\zhang_2022_gce\41467_2022_33606_MOESM4_ESM.xlsx,Fig2C,420047.0,420080.0,ATGTACAT,resolved_from_local_fasta_motif,True,True,chr2
SynII,SynII_loxPsym_147,147,1.0,0.000390625,./data\raw\zhang_2022_gce\41467_2022_33606_MOESM4_ESM.xlsx,Fig2C,420299.0,420332.0,ATGTACAT,resolved_from_local_fasta_motif,True,True,chr2
SynII,SynII_loxPsym_148,148,6.0,0.00234375,./data\raw\zhang_2022_gce\41467_2022_33606_MOESM4_ESM.xlsx,Fig2C,422683.0,422716.0,ATGTACAT,resolved_from_local_fasta_motif,True,True,chr2
SynII,SynII_loxPsym_149,149,0.0,0.0,./data\raw\zhang_2022_gce\41467_2022_33606_MOESM4_ESM.xlsx,Fig2C,423279.0,423312.0,ATGTACAT,resolved_from_local_fasta_motif,True,True,chr2
SynII,SynII_loxPsym_150,150,7.0,0.002734375,./data\raw\zhang_2022_gce\41467_2022_33606_MOESM4_ESM.xlsx,Fig2C,427192.0,427225.0,ATGTACAT,resolved_from_local_fasta_motif,True,True,chr2
SynII,SynII_loxPsym_151,151,7.0,0.002734375,./data\raw\zhang_2022_gce\41467_2022_33606_MOESM4_ESM.xlsx,Fig2C,430732.0,430765.0,ATGTACAT,resolved_from_local_fasta_motif,True,True,chr2
SynII,SynII_loxPsym_152,152,5.0,0.001953125,./data\raw\zhang_2022_gce\41467_2022_33606_MOESM4_ESM.xlsx,Fig2C,432024.0,432057.0,ATGTACAT,resolved_from_local_fasta_motif,True,True,chr2
SynII,SynII_loxPsym_153,153,6.0,0.00234375,./data\raw\zhang_2022_gce\41467_2022_33606_MOESM4_ESM.xlsx,Fig2C,432342.0,432375.0,ATGTACAT,resolved_from_local_fasta_motif,True,True,chr2
SynII,SynII_loxPsym_154,154,2.0,0.00078125,./data\raw\zhang_2022_gce\41467_2022_33606_MOESM4_ESM.xlsx,Fig2C,439133.0,439166.0,ATGTACAT,resolved_from_local_fasta_motif,True,True,chr2
SynII,SynII_loxPsym_155,155,3.0,0.001171875,./data\raw\zhang_2022_gce\41467_2022_33606_MOESM4_ESM.xlsx,Fig2C,439288.0,439321.0,ATGTACAT,resolved_from_local_fasta_motif,True,True,chr2
SynII,SynII_loxPsym_156,156,5.0,0.001953125,./data\raw\zhang_2022_gce\41467_2022_33606_MOESM4_ESM.xlsx,Fig2C,448628.0,448661.0,ATGTACAT,resolved_from_local_fasta_motif,True,True,chr2
SynII,SynII_loxPsym_157,157,6.0,0.00234375,./data\raw\zhang_2022_gce\41467_2022_33606_MOESM4_ESM.xlsx,Fig2C,449849.0,449882.0,ATGTACAT,resolved_from_local_fasta_motif,True,True,chr2
SynII,SynII_loxPsym_158,158,4.0,0.0015625,./data\raw\zhang_2022_gce\41467_2022_33606_MOESM4_ESM.xlsx,Fig2C,449988.0,450021.0,ATGTACAT,resolved_from_local_fasta_motif,True,True,chr2
SynII,SynII_loxPsym_159,159,8.0,0.003125,./data\raw\zhang_2022_gce\41467_2022_33606_MOESM4_ESM.xlsx,Fig2C,453557.0,453590.0,ATGTACAT,resolved_from_local_fasta_motif,True,True,chr2
SynII,SynII_loxPsym_160,160,1.0,0.000390625,./data\raw\zhang_2022_gce\41467_2022_33606_MOESM4_ESM.xlsx,Fig2C,456820.0,456853.0,ATGTACAT,resolved_from_local_fasta_motif,True,True,chr2
SynII,SynII_loxPsym_161,161,0.0,0.0,./data\raw\zhang_2022_gce\41467_2022_33606_MOESM4_ESM.xlsx,Fig2C,458560.0,458593.0,ATGTACAT,resolved_from_local_fasta_motif,True,True,chr2
SynII,SynII_loxPsym_162,162,20.0,0.0078125,./data\raw\zhang_2022_gce\41467_2022_33606_MOESM4_ESM.xlsx,Fig2C,460958.0,460991.0,ATGTACAT,resolved_from_local_fasta_motif,True,True,chr2
SynII,SynII_loxPsym_163,163,21.0,0.008203125,./data\raw\zhang_2022_gce\41467_2022_33606_MOESM4_ESM.xlsx,Fig2C,462804.0,462837.0,ATGTACAT,resolved_from_local_fasta_motif,True,True,chr2
SynII,SynII_loxPsym_164,164,2.0,0.00078125,./data\raw\zhang_2022_gce\41467_2022_33606_MOESM4_ESM.xlsx,Fig2C,464110.0,464143.0,ATGTACAT,resolved_from_local_fasta_motif,True,True,chr2
SynII,SynII_loxPsym_165,165,3.0,0.001171875,./data\raw\zhang_2022_gce\41467_2022_33606_MOESM4_ESM.xlsx,Fig2C,465383.0,465416.0,ATGTACAT,resolved_from_local_fasta_motif,True,True,chr2
SynII,SynII_loxPsym_166,166,27.0,0.010546875,./data\raw\zhang_2022_gce\41467_2022_33606_MOESM4_ESM.xlsx,Fig2C,469109.0,469142.0,ATGTACAT,resolved_from_local_fasta_motif,True,True,chr2
SynII,SynII_loxPsym_167,167,15.0,0.005859375,./data\raw\zhang_2022_gce\41467_2022_33606_MOESM4_ESM.xlsx,Fig2C,469511.0,469544.0,ATGTACAT,resolved_from_local_fasta_motif,True,True,chr2
SynII,SynII_loxPsym_168,168,22.0,0.00859375,./data\raw\zhang_2022_gce\41467_2022_33606_MOESM4_ESM.xlsx,Fig2C,471697.0,471730.0,ATGTACAT,resolved_from_local_fasta_motif,True,True,chr2
SynII,SynII_loxPsym_169,169,9.0,0.003515625,./data\raw\zhang_2022_gce\41467_2022_33606_MOESM4_ESM.xlsx,Fig2C,483517.0,483550.0,ATGTACAT,resolved_from_local_fasta_motif,True,True,chr2
SynII,SynII_loxPsym_170,170,4.0,0.0015625,./data\raw\zhang_2022_gce\41467_2022_33606_MOESM4_ESM.xlsx,Fig2C,487158.0,487191.0,ATGTACAT,resolved_from_local_fasta_motif,True,True,chr2
SynII,SynII_loxPsym_171,171,0.0,0.0,./data\raw\zhang_2022_gce\41467_2022_33606_MOESM4_ESM.xlsx,Fig2C,504819.0,504852.0,ATGTACAT,resolved_from_local_fasta_motif,True,True,chr2
SynII,SynII_loxPsym_172,172,3.0,0.001171875,./data\raw\zhang_2022_gce\41467_2022_33606_MOESM4_ESM.xlsx,Fig2C,506132.0,506165.0,ATGTACAT,resolved_from_local_fasta_motif,True,True,chr2
SynII,SynII_loxPsym_173,173,1.0,0.000390625,./data\raw\zhang_2022_gce\41467_2022_33606_MOESM4_ESM.xlsx,Fig2C,507535.0,507568.0,ATGTACAT,resolved_from_local_fasta_motif,True,True,chr2
SynII,SynII_loxPsym_174,174,3.0,0.001171875,./data\raw\zhang_2022_gce\41467_2022_33606_MOESM4_ESM.xlsx,Fig2C,509809.0,509842.0,ATGTACAT,resolved_from_local_fasta_motif,True,True,chr2
SynII,SynII_loxPsym_175,175,11.0,0.004296875,./data\raw\zhang_2022_gce\41467_2022_33606_MOESM4_ESM.xlsx,Fig2C,511159.0,511192.0,ATGTACAT,resolved_from_local_fasta_motif,True,True,chr2
SynII,SynII_loxPsym_176,176,12.0,0.0046875,./data\raw\zhang_2022_gce\41467_2022_33606_MOESM4_ESM.xlsx,Fig2C,511374.0,511407.0,ATGTACAT,resolved_from_local_fasta_motif,True,True,chr2
SynII,SynII_loxPsym_177,177,2.0,0.00078125,./data\raw\zhang_2022_gce\41467_2022_33606_MOESM4_ESM.xlsx,Fig2C,516184.0,516217.0,ATGTACAT,resolved_from_local_fasta_motif,True,True,chr2
SynII,SynII_loxPsym_178,178,5.0,0.001953125,./data\raw\zhang_2022_gce\41467_2022_33606_MOESM4_ESM.xlsx,Fig2C,521337.0,521370.0,ATGTACAT,resolved_from_local_fasta_motif,True,True,chr2
SynII,SynII_loxPsym_179,179,5.0,0.001953125,./data\raw\zhang_2022_gce\41467_2022_33606_MOESM4_ESM.xlsx,Fig2C,523810.0,523843.0,ATGTACAT,resolved_from_local_fasta_motif,True,True,chr2
SynII,SynII_loxPsym_180,180,13.0,0.005078125,./data\raw\zhang_2022_gce\41467_2022_33606_MOESM4_ESM.xlsx,Fig2C,528506.0,528539.0,ATGTACAT,resolved_from_local_fasta_motif,True,True,chr2
SynII,SynII_loxPsym_181,181,3.0,0.001171875,./data\raw\zhang_2022_gce\41467_2022_33606_MOESM4_ESM.xlsx,Fig2C,530070.0,530103.0,ATGTACAT,resolved_from_local_fasta_motif,True,True,chr2
SynII,SynII_loxPsym_182,182,2.0,0.00078125,./data\raw\zhang_2022_gce\41467_2022_33606_MOESM4_ESM.xlsx,Fig2C,533140.0,533173.0,ATGTACAT,resolved_from_local_fasta_motif,True,True,chr2
SynII,SynII_loxPsym_183,183,1.0,0.000390625,./data\raw\zhang_2022_gce\41467_2022_33606_MOESM4_ESM.xlsx,Fig2C,533606.0,533639.0,ATGTACAT,resolved_from_local_fasta_motif,True,True,chr2
SynII,SynII_loxPsym_184,184,3.0,0.001171875,./data\raw\zhang_2022_gce\41467_2022_33606_MOESM4_ESM.xlsx,Fig2C,535872.0,535905.0,ATGTACAT,resolved_from_local_fasta_motif,True,True,chr2
SynII,SynII_loxPsym_185,185,3.0,0.001171875,./data\raw\zhang_2022_gce\41467_2022_33606_MOESM4_ESM.xlsx,Fig2C,537958.0,537991.0,ATGTACAT,resolved_from_local_fasta_motif,True,True,chr2
SynII,SynII_loxPsym_186,186,10.0,0.00390625,./data\raw\zhang_2022_gce\41467_2022_33606_MOESM4_ESM.xlsx,Fig2C,538380.0,538413.0,ATGTACAT,resolved_from_local_fasta_motif,True,True,chr2
SynII,SynII_loxPsym_187,187,12.0,0.0046875,./data\raw\zhang_2022_gce\41467_2022_33606_MOESM4_ESM.xlsx,Fig2C,540231.0,540264.0,ATGTACAT,resolved_from_local_fasta_motif,True,True,chr2
SynII,SynII_loxPsym_188,188,8.0,0.003125,./data\raw\zhang_2022_gce\41467_2022_33606_MOESM4_ESM.xlsx,Fig2C,540415.0,540448.0,ATGTACAT,resolved_from_local_fasta_motif,True,True,chr2
SynII,SynII_loxPsym_189,189,6.0,0.00234375,./data\raw\zhang_2022_gce\41467_2022_33606_MOESM4_ESM.xlsx,Fig2C,544226.0,544259.0,ATGTACAT,resolved_from_local_fasta_motif,True,True,chr2
SynII,SynII_loxPsym_190,190,6.0,0.00234375,./data\raw\zhang_2022_gce\41467_2022_33606_MOESM4_ESM.xlsx,Fig2C,544556.0,544589.0,ATGTACAT,resolved_from_local_fasta_motif,True,True,chr2
SynII,SynII_loxPsym_191,191,13.0,0.005078125,./data\raw\zhang_2022_gce\41467_2022_33606_MOESM4_ESM.xlsx,Fig2C,547019.0,547052.0,ATGTACAT,resolved_from_local_fasta_motif,True,True,chr2
SynII,SynII_loxPsym_192,192,1.0,0.000390625,./data\raw\zhang_2022_gce\41467_2022_33606_MOESM4_ESM.xlsx,Fig2C,549700.0,549733.0,ATGTACAT,resolved_from_local_fasta_motif,True,True,chr2
SynII,SynII_loxPsym_193,193,1.0,0.000390625,./data\raw\zhang_2022_gce\41467_2022_33606_MOESM4_ESM.xlsx,Fig2C,549893.0,549926.0,ATGTACAT,resolved_from_local_fasta_motif,True,True,chr2
SynII,SynII_loxPsym_194,194,0.0,0.0,./data\raw\zhang_2022_gce\41467_2022_33606_MOESM4_ESM.xlsx,Fig2C,552503.0,552536.0,ATGTACAT,resolved_from_local_fasta_motif,True,True,chr2
SynII,SynII_loxPsym_195,195,34.0,0.01328125,./data\raw\zhang_2022_gce\41467_2022_33606_MOESM4_ESM.xlsx,Fig2C,554173.0,554206.0,ATGTACAT,resolved_from_local_fasta_motif,True,True,chr2
SynII,SynII_loxPsym_196,196,27.0,0.010546875,./data\raw\zhang_2022_gce\41467_2022_33606_MOESM4_ESM.xlsx,Fig2C,555510.0,555543.0,ATGTACAT,resolved_from_local_fasta_motif,True,True,chr2
SynII,SynII_loxPsym_197,197,11.0,0.004296875,./data\raw\zhang_2022_gce\41467_2022_33606_MOESM4_ESM.xlsx,Fig2C,555686.0,555719.0,ATGTACAT,resolved_from_local_fasta_motif,True,True,chr2
SynII,SynII_loxPsym_198,198,6.0,0.00234375,./data\raw\zhang_2022_gce\41467_2022_33606_MOESM4_ESM.xlsx,Fig2C,557460.0,557493.0,ATGTACAT,resolved_from_local_fasta_motif,True,True,chr2
SynII,SynII_loxPsym_199,199,48.0,0.01875,./data\raw\zhang_2022_gce\41467_2022_33606_MOESM4_ESM.xlsx,Fig2C,562413.0,562446.0,ATGTACAT,resolved_from_local_fasta_motif,True,True,chr2
SynII,SynII_loxPsym_200,200,11.0,0.004296875,./data\raw\zhang_2022_gce\41467_2022_33606_MOESM4_ESM.xlsx,Fig2C,562693.0,562726.0,ATGTACAT,resolved_from_local_fasta_motif,True,True,chr2
SynII,SynII_loxPsym_201,201,11.0,0.004296875,./data\raw\zhang_2022_gce\41467_2022_33606_MOESM4_ESM.xlsx,Fig2C,564521.0,564554.0,ATGTACAT,resolved_from_local_fasta_motif,True,True,chr2
SynII,SynII_loxPsym_202,202,18.0,0.00703125,./data\raw\zhang_2022_gce\41467_2022_33606_MOESM4_ESM.xlsx,Fig2C,568121.0,568154.0,ATGTACAT,resolved_from_local_fasta_motif,True,True,chr2
SynII,SynII_loxPsym_203,203,0.0,0.0,./data\raw\zhang_2022_gce\41467_2022_33606_MOESM4_ESM.xlsx,Fig2C,570206.0,570239.0,ATGTACAT,resolved_from_local_fasta_motif,True,True,chr2
SynII,SynII_loxPsym_204,204,40.0,0.015625,./data\raw\zhang_2022_gce\41467_2022_33606_MOESM4_ESM.xlsx,Fig2C,573371.0,573404.0,ATGTACAT,resolved_from_local_fasta_motif,True,True,chr2
SynII,SynII_loxPsym_205,205,3.0,0.001171875,./data\raw\zhang_2022_gce\41467_2022_33606_MOESM4_ESM.xlsx,Fig2C,574723.0,574756.0,ATGTACAT,resolved_from_local_fasta_motif,True,True,chr2
SynII,SynII_loxPsym_206,206,5.0,0.001953125,./data\raw\zhang_2022_gce\41467_2022_33606_MOESM4_ESM.xlsx,Fig2C,576587.0,576620.0,ATGTACAT,resolved_from_local_fasta_motif,True,True,chr2
SynII,SynII_loxPsym_207,207,4.0,0.0015625,./data\raw\zhang_2022_gce\41467_2022_33606_MOESM4_ESM.xlsx,Fig2C,578253.0,578286.0,ATGTACAT,resolved_from_local_fasta_motif,True,True,chr2
SynII,SynII_loxPsym_208,208,21.0,0.008203125,./data\raw\zhang_2022_gce\41467_2022_33606_MOESM4_ESM.xlsx,Fig2C,581556.0,581589.0,ATGTACAT,resolved_from_local_fasta_motif,True,True,chr2
SynII,SynII_loxPsym_209,209,8.0,0.003125,./data\raw\zhang_2022_gce\41467_2022_33606_MOESM4_ESM.xlsx,Fig2C,581788.0,581821.0,ATGTACAT,resolved_from_local_fasta_motif,True,True,chr2
SynII,SynII_loxPsym_210,210,3.0,0.001171875,./data\raw\zhang_2022_gce\41467_2022_33606_MOESM4_ESM.xlsx,Fig2C,591518.0,591551.0,ATGTACAT,resolved_from_local_fasta_motif,True,True,chr2
SynII,SynII_loxPsym_211,211,0.0,0.0,./data\raw\zhang_2022_gce\41467_2022_33606_MOESM4_ESM.xlsx,Fig2C,593776.0,593809.0,ATGTACAT,resolved_from_local_fasta_motif,True,True,chr2
SynII,SynII_loxPsym_212,212,7.0,0.002734375,./data\raw\zhang_2022_gce\41467_2022_33606_MOESM4_ESM.xlsx,Fig2C,595494.0,595527.0,ATGTACAT,resolved_from_local_fasta_motif,True,True,chr2
SynII,SynII_loxPsym_213,213,7.0,0.002734375,./data\raw\zhang_2022_gce\41467_2022_33606_MOESM4_ESM.xlsx,Fig2C,607860.0,607893.0,ATGTACAT,resolved_from_local_fasta_motif,True,True,chr2
SynII,SynII_loxPsym_214,214,3.0,0.001171875,./data\raw\zhang_2022_gce\41467_2022_33606_MOESM4_ESM.xlsx,Fig2C,608047.0,608080.0,ATGTACAT,resolved_from_local_fasta_motif,True,True,chr2
SynII,SynII_loxPsym_215,215,39.0,0.015234375,./data\raw\zhang_2022_gce\41467_2022_33606_MOESM4_ESM.xlsx,Fig2C,614388.0,614421.0,ATGTACAT,resolved_from_local_fasta_motif,True,True,chr2
SynII,SynII_loxPsym_216,216,35.0,0.013671875,./data\raw\zhang_2022_gce\41467_2022_33606_MOESM4_ESM.xlsx,Fig2C,615165.0,615198.0,ATGTACAT,resolved_from_local_fasta_motif,True,True,chr2
SynII,SynII_loxPsym_217,217,12.0,0.0046875,./data\raw\zhang_2022_gce\41467_2022_33606_MOESM4_ESM.xlsx,Fig2C,619125.0,619158.0,ATGTACAT,resolved_from_local_fasta_motif,True,True,chr2
SynII,SynII_loxPsym_218,218,15.0,0.005859375,./data\raw\zhang_2022_gce\41467_2022_33606_MOESM4_ESM.xlsx,Fig2C,620447.0,620480.0,ATGTACAT,resolved_from_local_fasta_motif,True,True,chr2
SynII,SynII_loxPsym_219,219,6.0,0.00234375,./data\raw\zhang_2022_gce\41467_2022_33606_MOESM4_ESM.xlsx,Fig2C,622287.0,622320.0,ATGTACAT,resolved_from_local_fasta_motif,True,True,chr2
SynII,SynII_loxPsym_220,220,16.0,0.00625,./data\raw\zhang_2022_gce\41467_2022_33606_MOESM4_ESM.xlsx,Fig2C,624556.0,624589.0,ATGTACAT,resolved_from_local_fasta_motif,True,True,chr2
SynII,SynII_loxPsym_221,221,3.0,0.001171875,./data\raw\zhang_2022_gce\41467_2022_33606_MOESM4_ESM.xlsx,Fig2C,624842.0,624875.0,ATGTACAT,resolved_from_local_fasta_motif,True,True,chr2
SynII,SynII_loxPsym_222,222,36.0,0.0140625,./data\raw\zhang_2022_gce\41467_2022_33606_MOESM4_ESM.xlsx,Fig2C,627699.0,627732.0,ATGTACAT,resolved_from_local_fasta_motif,True,True,chr2
SynII,SynII_loxPsym_223,223,27.0,0.010546875,./data\raw\zhang_2022_gce\41467_2022_33606_MOESM4_ESM.xlsx,Fig2C,628041.0,628074.0,ATGTACAT,resolved_from_local_fasta_motif,True,True,chr2
SynII,SynII_loxPsym_224,224,2.0,0.00078125,./data\raw\zhang_2022_gce\41467_2022_33606_MOESM4_ESM.xlsx,Fig2C,634100.0,634133.0,ATGTACAT,resolved_from_local_fasta_motif,True,True,chr2
SynII,SynII_loxPsym_225,225,6.0,0.00234375,./data\raw\zhang_2022_gce\41467_2022_33606_MOESM4_ESM.xlsx,Fig2C,635701.0,635734.0,ATGTACAT,resolved_from_local_fasta_motif,True,True,chr2
SynII,SynII_loxPsym_226,226,9.0,0.003515625,./data\raw\zhang_2022_gce\41467_2022_33606_MOESM4_ESM.xlsx,Fig2C,637678.0,637711.0,ATGTACAT,resolved_from_local_fasta_motif,True,True,chr2
SynII,SynII_loxPsym_227,227,7.0,0.002734375,./data\raw\zhang_2022_gce\41467_2022_33606_MOESM4_ESM.xlsx,Fig2C,642621.0,642654.0,ATGTACAT,resolved_from_local_fasta_motif,True,True,chr2
SynII,SynII_loxPsym_228,228,1.0,0.000390625,./data\raw\zhang_2022_gce\41467_2022_33606_MOESM4_ESM.xlsx,Fig2C,645317.0,645350.0,ATGTACAT,resolved_from_local_fasta_motif,True,True,chr2
SynII,SynII_loxPsym_229,229,3.0,0.001171875,./data\raw\zhang_2022_gce\41467_2022_33606_MOESM4_ESM.xlsx,Fig2C,645474.0,645507.0,ATGTACAT,resolved_from_local_fasta_motif,True,True,chr2
SynII,SynII_loxPsym_230,230,19.0,0.007421875,./data\raw\zhang_2022_gce\41467_2022_33606_MOESM4_ESM.xlsx,Fig2C,648700.0,648733.0,ATGTACAT,resolved_from_local_fasta_motif,True,True,chr2
SynII,SynII_loxPsym_231,231,4.0,0.0015625,./data\raw\zhang_2022_gce\41467_2022_33606_MOESM4_ESM.xlsx,Fig2C,651267.0,651300.0,ATGTACAT,resolved_from_local_fasta_motif,True,True,chr2
SynII,SynII_loxPsym_232,232,20.0,0.0078125,./data\raw\zhang_2022_gce\41467_2022_33606_MOESM4_ESM.xlsx,Fig2C,653798.0,653831.0,ATGTACAT,resolved_from_local_fasta_motif,True,True,chr2
SynII,SynII_loxPsym_233,233,12.0,0.0046875,./data\raw\zhang_2022_gce\41467_2022_33606_MOESM4_ESM.xlsx,Fig2C,654424.0,654457.0,ATGTACAT,resolved_from_local_fasta_motif,True,True,chr2
SynII,SynII_loxPsym_234,234,6.0,0.00234375,./data\raw\zhang_2022_gce\41467_2022_33606_MOESM4_ESM.xlsx,Fig2C,664297.0,664330.0,ATGTACAT,resolved_from_local_fasta_motif,True,True,chr2
SynII,SynII_loxPsym_235,235,0.0,0.0,./data\raw\zhang_2022_gce\41467_2022_33606_MOESM4_ESM.xlsx,Fig2C,669714.0,669747.0,ATGTACAT,resolved_from_local_fasta_motif,True,True,chr2
SynII,SynII_loxPsym_236,236,4.0,0.0015625,./data\raw\zhang_2022_gce\41467_2022_33606_MOESM4_ESM.xlsx,Fig2C,677281.0,677314.0,ATGTACAT,resolved_from_local_fasta_motif,True,True,chr2
SynII,SynII_loxPsym_237,237,7.0,0.002734375,./data\raw\zhang_2022_gce\41467_2022_33606_MOESM4_ESM.xlsx,Fig2C,677442.0,677475.0,ATGTACAT,resolved_from_local_fasta_motif,True,True,chr2
SynII,SynII_loxPsym_238,238,9.0,0.003515625,./data\raw\zhang_2022_gce\41467_2022_33606_MOESM4_ESM.xlsx,Fig2C,682087.0,682120.0,ATGTACAT,resolved_from_local_fasta_motif,True,True,chr2
SynII,SynII_loxPsym_239,239,8.0,0.003125,./data\raw\zhang_2022_gce\41467_2022_33606_MOESM4_ESM.xlsx,Fig2C,684167.0,684200.0,ATGTACAT,resolved_from_local_fasta_motif,True,True,chr2
SynII,SynII_loxPsym_240,240,17.0,0.006640625,./data\raw\zhang_2022_gce\41467_2022_33606_MOESM4_ESM.xlsx,Fig2C,686276.0,686309.0,ATGTACAT,resolved_from_local_fasta_motif,True,True,chr2
SynII,SynII_loxPsym_241,241,4.0,0.0015625,./data\raw\zhang_2022_gce\41467_2022_33606_MOESM4_ESM.xlsx,Fig2C,690039.0,690072.0,ATGTACAT,resolved_from_local_fasta_motif,True,True,chr2
SynII,SynII_loxPsym_242,242,9.0,0.003515625,./data\raw\zhang_2022_gce\41467_2022_33606_MOESM4_ESM.xlsx,Fig2C,691782.0,691815.0,ATGTACAT,resolved_from_local_fasta_motif,True,True,chr2
SynII,SynII_loxPsym_243,243,4.0,0.0015625,./data\raw\zhang_2022_gce\41467_2022_33606_MOESM4_ESM.xlsx,Fig2C,696043.0,696076.0,ATGTACAT,resolved_from_local_fasta_motif,True,True,chr2
SynII,SynII_loxPsym_244,244,5.0,0.001953125,./data\raw\zhang_2022_gce\41467_2022_33606_MOESM4_ESM.xlsx,Fig2C,699170.0,699203.0,ATGTACAT,resolved_from_local_fasta_motif,True,True,chr2
SynII,SynII_loxPsym_245,245,3.0,0.001171875,./data\raw\zhang_2022_gce\41467_2022_33606_MOESM4_ESM.xlsx,Fig2C,702109.0,702142.0,ATGTACAT,resolved_from_local_fasta_motif,True,True,chr2
SynII,SynII_loxPsym_246,246,1.0,0.000390625,./data\raw\zhang_2022_gce\41467_2022_33606_MOESM4_ESM.xlsx,Fig2C,704336.0,704369.0,ATGTACAT,resolved_from_local_fasta_motif,True,True,chr2
SynII,SynII_loxPsym_247,247,0.0,0.0,./data\raw\zhang_2022_gce\41467_2022_33606_MOESM4_ESM.xlsx,Fig2C,705258.0,705291.0,ATGTACAT,resolved_from_local_fasta_motif,True,True,chr2
SynII,SynII_loxPsym_248,248,6.0,0.00234375,./data\raw\zhang_2022_gce\41467_2022_33606_MOESM4_ESM.xlsx,Fig2C,707315.0,707348.0,ATGTACAT,resolved_from_local_fasta_motif,True,True,chr2
SynII,SynII_loxPsym_249,249,5.0,0.001953125,./data\raw\zhang_2022_gce\41467_2022_33606_MOESM4_ESM.xlsx,Fig2C,707376.0,707409.0,ATGTACAT,resolved_from_local_fasta_motif,True,True,chr2
SynII,SynII_loxPsym_250,250,12.0,0.0046875,./data\raw\zhang_2022_gce\41467_2022_33606_MOESM4_ESM.xlsx,Fig2C,710669.0,710702.0,ATGTACAT,resolved_from_local_fasta_motif,True,True,chr2
SynII,SynII_loxPsym_251,251,2.0,0.00078125,./data\raw\zhang_2022_gce\41467_2022_33606_MOESM4_ESM.xlsx,Fig2C,716035.0,716068.0,ATGTACAT,resolved_from_local_fasta_motif,True,True,chr2
SynII,SynII_loxPsym_252,252,12.0,0.0046875,./data\raw\zhang_2022_gce\41467_2022_33606_MOESM4_ESM.xlsx,Fig2C,717769.0,717802.0,ATGTACAT,resolved_from_local_fasta_motif,True,True,chr2
SynII,SynII_loxPsym_253,253,22.0,0.00859375,./data\raw\zhang_2022_gce\41467_2022_33606_MOESM4_ESM.xlsx,Fig2C,720926.0,720959.0,ATGTACAT,resolved_from_local_fasta_motif,True,True,chr2
SynII,SynII_loxPsym_254,254,13.0,0.005078125,./data\raw\zhang_2022_gce\41467_2022_33606_MOESM4_ESM.xlsx,Fig2C,721132.0,721165.0,ATGTACAT,resolved_from_local_fasta_motif,True,True,chr2
SynII,SynII_loxPsym_255,255,3.0,0.001171875,./data\raw\zhang_2022_gce\41467_2022_33606_MOESM4_ESM.xlsx,Fig2C,730716.0,730749.0,ATGTACAT,resolved_from_local_fasta_motif,True,True,chr2
SynII,SynII_loxPsym_256,256,8.0,0.003125,./data\raw\zhang_2022_gce\41467_2022_33606_MOESM4_ESM.xlsx,Fig2C,732445.0,732478.0,ATGTACAT,resolved_from_local_fasta_motif,True,True,chr2
SynII,SynII_loxPsym_257,257,18.0,0.00703125,./data\raw\zhang_2022_gce\41467_2022_33606_MOESM4_ESM.xlsx,Fig2C,732662.0,732695.0,ATGTACAT,resolved_from_local_fasta_motif,True,True,chr2
SynII,SynII_loxPsym_258,258,1.0,0.000390625,./data\raw\zhang_2022_gce\41467_2022_33606_MOESM4_ESM.xlsx,Fig2C,734882.0,734915.0,ATGTACAT,resolved_from_local_fasta_motif,True,True,chr2
SynII,SynII_loxPsym_259,259,3.0,0.001171875,./data\raw\zhang_2022_gce\41467_2022_33606_MOESM4_ESM.xlsx,Fig2C,738633.0,738666.0,ATGTACAT,resolved_from_local_fasta_motif,True,True,chr2
SynII,SynII_loxPsym_260,260,10.0,0.00390625,./data\raw\zhang_2022_gce\41467_2022_33606_MOESM4_ESM.xlsx,Fig2C,738923.0,738956.0,ATGTACAT,resolved_from_local_fasta_motif,True,True,chr2
SynII,SynII_loxPsym_261,261,11.0,0.004296875,./data\raw\zhang_2022_gce\41467_2022_33606_MOESM4_ESM.xlsx,Fig2C,746334.0,746367.0,ATGTACAT,resolved_from_local_fasta_motif,True,True,chr2
SynII,SynII_loxPsym_262,262,19.0,0.007421875,./data\raw\zhang_2022_gce\41467_2022_33606_MOESM4_ESM.xlsx,Fig2C,748059.0,748092.0,ATGTACAT,resolved_from_local_fasta_motif,True,True,chr2
SynII,SynII_loxPsym_263,263,0.0,0.0,./data\raw\zhang_2022_gce\41467_2022_33606_MOESM4_ESM.xlsx,Fig2C,752472.0,752505.0,ATGTACAT,resolved_from_local_fasta_motif,True,True,chr2
SynII,SynII_loxPsym_264,264,2.0,0.00078125,./data\raw\zhang_2022_gce\41467_2022_33606_MOESM4_ESM.xlsx,Fig2C,753678.0,753711.0,ATGTACAT,resolved_from_local_fasta_motif,True,True,chr2
SynII,SynII_loxPsym_265,265,4.0,0.0015625,./data\raw\zhang_2022_gce\41467_2022_33606_MOESM4_ESM.xlsx,Fig2C,753822.0,753855.0,ATGTACAT,resolved_from_local_fasta_motif,True,True,chr2
SynII,SynII_loxPsym_266,266,9.0,0.003515625,./data\raw\zhang_2022_gce\41467_2022_33606_MOESM4_ESM.xlsx,Fig2C,758620.0,758653.0,ATGTACAT,resolved_from_local_fasta_motif,True,True,chr2
SynII,SynII_loxPsym_267,267,10.0,0.00390625,./data\raw\zhang_2022_gce\41467_2022_33606_MOESM4_ESM.xlsx,Fig2C,762038.0,762071.0,ATGTACAT,resolved_from_local_fasta_motif,True,True,chr2
SynII,SynII_loxPsym_268,268,3.0,0.001171875,./data\raw\zhang_2022_gce\41467_2022_33606_MOESM4_ESM.xlsx,Fig2C,766757.0,766790.0,ATGTACAT,resolved_from_local_fasta_motif,True,True,chr2
SynII,SynII_loxPsym_269,269,8.0,0.003125,./data\raw\zhang_2022_gce\41467_2022_33606_MOESM4_ESM.xlsx,Fig2C,767083.0,767116.0,ATGTACAT,resolved_from_local_fasta_motif,True,True,chr2
SynII,SynII_loxPsym_270,270,1.0,0.000390625,./data\raw\zhang_2022_gce\41467_2022_33606_MOESM4_ESM.xlsx,Fig2C,769351.0,769384.0,ATGTATGC,resolved_from_local_fasta_motif,True,True,chr2
SynII,SynII_loxPsym_271,271,4.0,0.0015625,./data\raw\zhang_2022_gce\41467_2022_33606_MOESM4_ESM.xlsx,Fig2C,769394.0,769427.0,ATGTACAT,resolved_from_local_fasta_motif,True,True,chr2
SynII,SynII_loxPsym_272,272,43.0,0.016796875,./data\raw\zhang_2022_gce\41467_2022_33606_MOESM4_ESM.xlsx,Fig2C,769696.0,769729.0,ATGTACAT,resolved_from_local_fasta_motif,True,True,chr2
SynIII,SynIII_loxPsym_0,0,4.0,0.017699115044247787,./data\raw\zhang_2022_gce\41467_2022_33606_MOESM4_ESM.xlsx,Fig2C,1.0,34.0,ATGTACAT,resolved_from_local_fasta_motif,True,True,chr3
SynIII,SynIII_loxPsym_1,1,1.0,0.004424778761061947,./data\raw\zhang_2022_gce\41467_2022_33606_MOESM4_ESM.xlsx,Fig2C,3000.0,3033.0,ATGTACAT,resolved_from_local_fasta_motif,True,True,chr3
SynIII,SynIII_loxPsym_2,2,1.0,0.004424778761061947,./data\raw\zhang_2022_gce\41467_2022_33606_MOESM4_ESM.xlsx,Fig2C,5052.0,5085.0,ATGTACAT,resolved_from_local_fasta_motif,True,True,chr3
SynIII,SynIII_loxPsym_3,3,4.0,0.017699115044247787,./data\raw\zhang_2022_gce\41467_2022_33606_MOESM4_ESM.xlsx,Fig2C,5500.0,5533.0,ATGTACAT,resolved_from_local_fasta_motif,True,True,chr3
SynIII,SynIII_loxPsym_4,4,3.0,0.01327433628318584,./data\raw\zhang_2022_gce\41467_2022_33606_MOESM4_ESM.xlsx,Fig2C,8632.0,8665.0,ATGTACAT,resolved_from_local_fasta_motif,True,True,chr3
SynIII,SynIII_loxPsym_5,5,0.0,0.0,./data\raw\zhang_2022_gce\41467_2022_33606_MOESM4_ESM.xlsx,Fig2C,8914.0,8947.0,ATGTACAT,resolved_from_local_fasta_motif,True,True,chr3
SynIII,SynIII_loxPsym_6,6,0.0,0.0,./data\raw\zhang_2022_gce\41467_2022_33606_MOESM4_ESM.xlsx,Fig2C,17045.0,17078.0,ATGTACAT,resolved_from_local_fasta_motif,True,True,chr3
SynIII,SynIII_loxPsym_7,7,0.0,0.0,./data\raw\zhang_2022_gce\41467_2022_33606_MOESM4_ESM.xlsx,Fig2C,19109.0,19142.0,ATGTACAT,resolved_from_local_fasta_motif,True,True,chr3
SynIII,SynIII_loxPsym_8,8,0.0,0.0,./data\raw\zhang_2022_gce\41467_2022_33606_MOESM4_ESM.xlsx,Fig2C,27823.0,27856.0,ATGTACAT,resolved_from_local_fasta_motif,True,True,chr3
SynIII,SynIII_loxPsym_9,9,0.0,0.0,./data\raw\zhang_2022_gce\41467_2022_33606_MOESM4_ESM.xlsx,Fig2C,28070.0,28103.0,ATGTACAT,resolved_from_local_fasta_motif,True,True,chr3
SynIII,SynIII_loxPsym_10,10,2.0,0.008849557522123894,./data\raw\zhang_2022_gce\41467_2022_33606_MOESM4_ESM.xlsx,Fig2C,33831.0,33864.0,ATGTACAT,resolved_from_local_fasta_motif,True,True,chr3
SynIII,SynIII_loxPsym_11,11,2.0,0.008849557522123894,./data\raw\zhang_2022_gce\41467_2022_33606_MOESM4_ESM.xlsx,Fig2C,37413.0,37446.0,ATGTACAT,resolved_from_local_fasta_motif,True,True,chr3
SynIII,SynIII_loxPsym_12,12,2.0,0.008849557522123894,./data\raw\zhang_2022_gce\41467_2022_33606_MOESM4_ESM.xlsx,Fig2C,42683.0,42716.0,ATGTACAT,resolved_from_local_fasta_motif,True,True,chr3
SynIII,SynIII_loxPsym_13,13,0.0,0.0,./data\raw\zhang_2022_gce\41467_2022_33606_MOESM4_ESM.xlsx,Fig2C,45259.0,45292.0,ATGTACAT,resolved_from_local_fasta_motif,True,True,chr3
SynIII,SynIII_loxPsym_14,14,0.0,0.0,./data\raw\zhang_2022_gce\41467_2022_33606_MOESM4_ESM.xlsx,Fig2C,45345.0,45378.0,ATGTACAT,resolved_from_local_fasta_motif,True,True,chr3
SynIII,SynIII_loxPsym_15,15,1.0,0.004424778761061947,./data\raw\zhang_2022_gce\41467_2022_33606_MOESM4_ESM.xlsx,Fig2C,47812.0,47845.0,ATGTACAT,resolved_from_local_fasta_motif,True,True,chr3
SynIII,SynIII_loxPsym_16,16,0.0,0.0,./data\raw\zhang_2022_gce\41467_2022_33606_MOESM4_ESM.xlsx,Fig2C,51313.0,51346.0,ATGTACAT,resolved_from_local_fasta_motif,True,True,chr3
SynIII,SynIII_loxPsym_17,17,0.0,0.0,./data\raw\zhang_2022_gce\41467_2022_33606_MOESM4_ESM.xlsx,Fig2C,53235.0,53268.0,ATGTACAT,resolved_from_local_fasta_motif,True,True,chr3
SynIII,SynIII_loxPsym_18,18,0.0,0.0,./data\raw\zhang_2022_gce\41467_2022_33606_MOESM4_ESM.xlsx,Fig2C,55028.0,55061.0,ATGTACAT,resolved_from_local_fasta_motif,True,True,chr3
SynIII,SynIII_loxPsym_19,19,0.0,0.0,./data\raw\zhang_2022_gce\41467_2022_33606_MOESM4_ESM.xlsx,Fig2C,56508.0,56541.0,ATGTACAT,resolved_from_local_fasta_motif,True,True,chr3
SynIII,SynIII_loxPsym_20,20,2.0,0.008849557522123894,./data\raw\zhang_2022_gce\41467_2022_33606_MOESM4_ESM.xlsx,Fig2C,59207.0,59240.0,ATGTACAT,resolved_from_local_fasta_motif,True,True,chr3
SynIII,SynIII_loxPsym_21,21,3.0,0.01327433628318584,./data\raw\zhang_2022_gce\41467_2022_33606_MOESM4_ESM.xlsx,Fig2C,62016.0,62049.0,ATGTACAT,resolved_from_local_fasta_motif,True,True,chr3
SynIII,SynIII_loxPsym_22,22,1.0,0.004424778761061947,./data\raw\zhang_2022_gce\41467_2022_33606_MOESM4_ESM.xlsx,Fig2C,64024.0,64057.0,ATGTACAT,resolved_from_local_fasta_motif,True,True,chr3
SynIII,SynIII_loxPsym_23,23,0.0,0.0,./data\raw\zhang_2022_gce\41467_2022_33606_MOESM4_ESM.xlsx,Fig2C,65414.0,65447.0,ATGTACAT,resolved_from_local_fasta_motif,True,True,chr3
SynIII,SynIII_loxPsym_24,24,1.0,0.004424778761061947,./data\raw\zhang_2022_gce\41467_2022_33606_MOESM4_ESM.xlsx,Fig2C,66762.0,66795.0,ATGTACAT,resolved_from_local_fasta_motif,True,True,chr3
SynIII,SynIII_loxPsym_25,25,11.0,0.048672566371681415,./data\raw\zhang_2022_gce\41467_2022_33606_MOESM4_ESM.xlsx,Fig2C,73063.0,73096.0,ATGTACAT,resolved_from_local_fasta_motif,True,True,chr3
SynIII,SynIII_loxPsym_26,26,12.0,0.05309734513274336,./data\raw\zhang_2022_gce\41467_2022_33606_MOESM4_ESM.xlsx,Fig2C,73283.0,73316.0,ATGTACAT,resolved_from_local_fasta_motif,True,True,chr3
SynIII,SynIII_loxPsym_27,27,2.0,0.008849557522123894,./data\raw\zhang_2022_gce\41467_2022_33606_MOESM4_ESM.xlsx,Fig2C,75513.0,75546.0,ATGTACAT,resolved_from_local_fasta_motif,True,True,chr3
SynIII,SynIII_loxPsym_28,28,9.0,0.03982300884955752,./data\raw\zhang_2022_gce\41467_2022_33606_MOESM4_ESM.xlsx,Fig2C,82124.0,82157.0,ATGTACAT,resolved_from_local_fasta_motif,True,True,chr3
SynIII,SynIII_loxPsym_29,29,6.0,0.02654867256637168,./data\raw\zhang_2022_gce\41467_2022_33606_MOESM4_ESM.xlsx,Fig2C,82277.0,82310.0,ATGTACAT,resolved_from_local_fasta_motif,True,True,chr3
SynIII,SynIII_loxPsym_30,30,2.0,0.008849557522123894,./data\raw\zhang_2022_gce\41467_2022_33606_MOESM4_ESM.xlsx,Fig2C,83002.0,83035.0,ATGTACAT,resolved_from_local_fasta_motif,True,True,chr3
SynIII,SynIII_loxPsym_31,31,1.0,0.004424778761061947,./data\raw\zhang_2022_gce\41467_2022_33606_MOESM4_ESM.xlsx,Fig2C,84532.0,84565.0,ATGTACAT,resolved_from_local_fasta_motif,True,True,chr3
SynIII,SynIII_loxPsym_32,32,1.0,0.004424778761061947,./data\raw\zhang_2022_gce\41467_2022_33606_MOESM4_ESM.xlsx,Fig2C,85614.0,85647.0,ATGTACAT,resolved_from_local_fasta_motif,True,True,chr3
SynIII,SynIII_loxPsym_33,33,8.0,0.035398230088495575,./data\raw\zhang_2022_gce\41467_2022_33606_MOESM4_ESM.xlsx,Fig2C,86725.0,86758.0,ATGTACAT,resolved_from_local_fasta_motif,True,True,chr3
SynIII,SynIII_loxPsym_34,34,0.0,0.0,./data\raw\zhang_2022_gce\41467_2022_33606_MOESM4_ESM.xlsx,Fig2C,88314.0,88347.0,ATGTACAT,resolved_from_local_fasta_motif,True,True,chr3
SynIII,SynIII_loxPsym_35,35,2.0,0.008849557522123894,./data\raw\zhang_2022_gce\41467_2022_33606_MOESM4_ESM.xlsx,Fig2C,93335.0,93368.0,ATGTACAT,resolved_from_local_fasta_motif,True,True,chr3
SynIII,SynIII_loxPsym_36,36,11.0,0.048672566371681415,./data\raw\zhang_2022_gce\41467_2022_33606_MOESM4_ESM.xlsx,Fig2C,95168.0,95201.0,ATGTACAT,resolved_from_local_fasta_motif,True,True,chr3
SynIII,SynIII_loxPsym_37,37,2.0,0.008849557522123894,./data\raw\zhang_2022_gce\41467_2022_33606_MOESM4_ESM.xlsx,Fig2C,95517.0,95550.0,ATGTACAT,resolved_from_local_fasta_motif,True,True,chr3
SynIII,SynIII_loxPsym_38,38,0.0,0.0,./data\raw\zhang_2022_gce\41467_2022_33606_MOESM4_ESM.xlsx,Fig2C,98336.0,98369.0,ATGTACAT,resolved_from_local_fasta_motif,True,True,chr3
SynIII,SynIII_loxPsym_39,39,3.0,0.01327433628318584,./data\raw\zhang_2022_gce\41467_2022_33606_MOESM4_ESM.xlsx,Fig2C,100168.0,100201.0,ATGTACAT,resolved_from_local_fasta_motif,True,True,chr3
SynIII,SynIII_loxPsym_40,40,3.0,0.01327433628318584,./data\raw\zhang_2022_gce\41467_2022_33606_MOESM4_ESM.xlsx,Fig2C,100599.0,100632.0,ATGTACAT,resolved_from_local_fasta_motif,True,True,chr3
SynIII,SynIII_loxPsym_41,41,5.0,0.022123893805309734,./data\raw\zhang_2022_gce\41467_2022_33606_MOESM4_ESM.xlsx,Fig2C,102004.0,102037.0,ATGTACAT,resolved_from_local_fasta_motif,True,True,chr3
SynIII,SynIII_loxPsym_42,42,9.0,0.03982300884955752,./data\raw\zhang_2022_gce\41467_2022_33606_MOESM4_ESM.xlsx,Fig2C,104672.0,104705.0,ATGTACAT,resolved_from_local_fasta_motif,True,True,chr3
SynIII,SynIII_loxPsym_43,43,25.0,0.11061946902654868,./data\raw\zhang_2022_gce\41467_2022_33606_MOESM4_ESM.xlsx,Fig2C,107956.0,107989.0,ATGTACAT,resolved_from_local_fasta_motif,True,True,chr3
SynIII,SynIII_loxPsym_44,44,3.0,0.01327433628318584,./data\raw\zhang_2022_gce\41467_2022_33606_MOESM4_ESM.xlsx,Fig2C,110485.0,110518.0,ATGTACAT,resolved_from_local_fasta_motif,True,True,chr3
SynIII,SynIII_loxPsym_45,45,2.0,0.008849557522123894,./data\raw\zhang_2022_gce\41467_2022_33606_MOESM4_ESM.xlsx,Fig2C,110976.0,111009.0,ATGTACAT,resolved_from_local_fasta_motif,True,True,chr3
SynIII,SynIII_loxPsym_46,46,1.0,0.004424778761061947,./data\raw\zhang_2022_gce\41467_2022_33606_MOESM4_ESM.xlsx,Fig2C,113989.0,114022.0,ATGTACAT,resolved_from_local_fasta_motif,True,True,chr3
SynIII,SynIII_loxPsym_47,47,4.0,0.017699115044247787,./data\raw\zhang_2022_gce\41467_2022_33606_MOESM4_ESM.xlsx,Fig2C,119484.0,119517.0,ATGTACAT,resolved_from_local_fasta_motif,True,True,chr3
SynIII,SynIII_loxPsym_48,48,7.0,0.030973451327433628,./data\raw\zhang_2022_gce\41467_2022_33606_MOESM4_ESM.xlsx,Fig2C,123037.0,123070.0,ATGTACAT,resolved_from_local_fasta_motif,True,True,chr3
SynIII,SynIII_loxPsym_49,49,1.0,0.004424778761061947,./data\raw\zhang_2022_gce\41467_2022_33606_MOESM4_ESM.xlsx,Fig2C,124760.0,124793.0,ATGTACAT,resolved_from_local_fasta_motif,True,True,chr3
SynIII,SynIII_loxPsym_50,50,1.0,0.004424778761061947,./data\raw\zhang_2022_gce\41467_2022_33606_MOESM4_ESM.xlsx,Fig2C,128259.0,128292.0,ATGTACAT,resolved_from_local_fasta_motif,True,True,chr3
SynIII,SynIII_loxPsym_51,51,0.0,0.0,./data\raw\zhang_2022_gce\41467_2022_33606_MOESM4_ESM.xlsx,Fig2C,129540.0,129573.0,ATGTACAT,resolved_from_local_fasta_motif,True,True,chr3
SynIII,SynIII_loxPsym_52,52,3.0,0.01327433628318584,./data\raw\zhang_2022_gce\41467_2022_33606_MOESM4_ESM.xlsx,Fig2C,131654.0,131687.0,ATGTACAT,resolved_from_local_fasta_motif,True,True,chr3
SynIII,SynIII_loxPsym_53,53,1.0,0.004424778761061947,./data\raw\zhang_2022_gce\41467_2022_33606_MOESM4_ESM.xlsx,Fig2C,131765.0,131798.0,ATGTACAT,resolved_from_local_fasta_motif,True,True,chr3
SynIII,SynIII_loxPsym_54,54,2.0,0.008849557522123894,./data\raw\zhang_2022_gce\41467_2022_33606_MOESM4_ESM.xlsx,Fig2C,132617.0,132650.0,ATGTACAT,resolved_from_local_fasta_motif,True,True,chr3
SynIII,SynIII_loxPsym_55,55,3.0,0.01327433628318584,./data\raw\zhang_2022_gce\41467_2022_33606_MOESM4_ESM.xlsx,Fig2C,133384.0,133417.0,ATGTACAT,resolved_from_local_fasta_motif,True,True,chr3
SynIII,SynIII_loxPsym_56,56,0.0,0.0,./data\raw\zhang_2022_gce\41467_2022_33606_MOESM4_ESM.xlsx,Fig2C,133962.0,133995.0,ATGTACAT,resolved_from_local_fasta_motif,True,True,chr3
SynIII,SynIII_loxPsym_57,57,1.0,0.004424778761061947,./data\raw\zhang_2022_gce\41467_2022_33606_MOESM4_ESM.xlsx,Fig2C,138631.0,138664.0,ATGTACAT,resolved_from_local_fasta_motif,True,True,chr3
SynIII,SynIII_loxPsym_58,58,0.0,0.0,./data\raw\zhang_2022_gce\41467_2022_33606_MOESM4_ESM.xlsx,Fig2C,140866.0,140899.0,ATGTACAT,resolved_from_local_fasta_motif,True,True,chr3
SynIII,SynIII_loxPsym_59,59,3.0,0.01327433628318584,./data\raw\zhang_2022_gce\41467_2022_33606_MOESM4_ESM.xlsx,Fig2C,142066.0,142099.0,ATGTACAT,resolved_from_local_fasta_motif,True,True,chr3
SynIII,SynIII_loxPsym_60,60,2.0,0.008849557522123894,./data\raw\zhang_2022_gce\41467_2022_33606_MOESM4_ESM.xlsx,Fig2C,145359.0,145392.0,ATGTACAT,resolved_from_local_fasta_motif,True,True,chr3
SynIII,SynIII_loxPsym_61,61,3.0,0.01327433628318584,./data\raw\zhang_2022_gce\41467_2022_33606_MOESM4_ESM.xlsx,Fig2C,146327.0,146360.0,ATGTACAT,resolved_from_local_fasta_motif,True,True,chr3
SynIII,SynIII_loxPsym_62,62,0.0,0.0,./data\raw\zhang_2022_gce\41467_2022_33606_MOESM4_ESM.xlsx,Fig2C,147355.0,147388.0,ATGTACAT,resolved_from_local_fasta_motif,True,True,chr3
SynIII,SynIII_loxPsym_63,63,0.0,0.0,./data\raw\zhang_2022_gce\41467_2022_33606_MOESM4_ESM.xlsx,Fig2C,149453.0,149486.0,ATGTACAT,resolved_from_local_fasta_motif,True,True,chr3
SynIII,SynIII_loxPsym_64,64,1.0,0.004424778761061947,./data\raw\zhang_2022_gce\41467_2022_33606_MOESM4_ESM.xlsx,Fig2C,150280.0,150313.0,ATGTACAT,resolved_from_local_fasta_motif,True,True,chr3
SynIII,SynIII_loxPsym_65,65,0.0,0.0,./data\raw\zhang_2022_gce\41467_2022_33606_MOESM4_ESM.xlsx,Fig2C,153988.0,154021.0,ATGTACAT,resolved_from_local_fasta_motif,True,True,chr3
SynIII,SynIII_loxPsym_66,66,0.0,0.0,./data\raw\zhang_2022_gce\41467_2022_33606_MOESM4_ESM.xlsx,Fig2C,162245.0,162278.0,ATGTACAT,resolved_from_local_fasta_motif,True,True,chr3
SynIII,SynIII_loxPsym_67,67,3.0,0.01327433628318584,./data\raw\zhang_2022_gce\41467_2022_33606_MOESM4_ESM.xlsx,Fig2C,166425.0,166458.0,ATGTACAT,resolved_from_local_fasta_motif,True,True,chr3
SynIII,SynIII_loxPsym_68,68,1.0,0.004424778761061947,./data\raw\zhang_2022_gce\41467_2022_33606_MOESM4_ESM.xlsx,Fig2C,167925.0,167958.0,ATGTACAT,resolved_from_local_fasta_motif,True,True,chr3
SynIII,SynIII_loxPsym_69,69,0.0,0.0,./data\raw\zhang_2022_gce\41467_2022_33606_MOESM4_ESM.xlsx,Fig2C,183193.0,183226.0,ATGTACAT,resolved_from_local_fasta_motif,True,True,chr3
SynIII,SynIII_loxPsym_70,70,0.0,0.0,./data\raw\zhang_2022_gce\41467_2022_33606_MOESM4_ESM.xlsx,Fig2C,186265.0,186298.0,ATGTACAT,resolved_from_local_fasta_motif,True,True,chr3
SynIII,SynIII_loxPsym_71,71,0.0,0.0,./data\raw\zhang_2022_gce\41467_2022_33606_MOESM4_ESM.xlsx,Fig2C,187103.0,187136.0,ATGTACAT,resolved_from_local_fasta_motif,True,True,chr3
SynIII,SynIII_loxPsym_72,72,0.0,0.0,./data\raw\zhang_2022_gce\41467_2022_33606_MOESM4_ESM.xlsx,Fig2C,194667.0,194700.0,ATGTACAT,resolved_from_local_fasta_motif,True,True,chr3
SynIII,SynIII_loxPsym_73,73,8.0,0.035398230088495575,./data\raw\zhang_2022_gce\41467_2022_33606_MOESM4_ESM.xlsx,Fig2C,199907.0,199940.0,ATGTACAT,resolved_from_local_fasta_motif,True,True,chr3
SynIII,SynIII_loxPsym_74,74,2.0,0.008849557522123894,./data\raw\zhang_2022_gce\41467_2022_33606_MOESM4_ESM.xlsx,Fig2C,201228.0,201261.0,ATGTACAT,resolved_from_local_fasta_motif,True,True,chr3
SynIII,SynIII_loxPsym_75,75,4.0,0.017699115044247787,./data\raw\zhang_2022_gce\41467_2022_33606_MOESM4_ESM.xlsx,Fig2C,204466.0,204499.0,ATGTACAT,resolved_from_local_fasta_motif,True,True,chr3
SynIII,SynIII_loxPsym_76,76,5.0,0.022123893805309734,./data\raw\zhang_2022_gce\41467_2022_33606_MOESM4_ESM.xlsx,Fig2C,205252.0,205285.0,ATGTACAT,resolved_from_local_fasta_motif,True,True,chr3
SynIII,SynIII_loxPsym_77,77,2.0,0.008849557522123894,./data\raw\zhang_2022_gce\41467_2022_33606_MOESM4_ESM.xlsx,Fig2C,207499.0,207532.0,ATGTACAT,resolved_from_local_fasta_motif,True,True,chr3
SynIII,SynIII_loxPsym_78,78,2.0,0.008849557522123894,./data\raw\zhang_2022_gce\41467_2022_33606_MOESM4_ESM.xlsx,Fig2C,209492.0,209525.0,ATGTACAT,resolved_from_local_fasta_motif,True,True,chr3
SynIII,SynIII_loxPsym_79,79,3.0,0.01327433628318584,./data\raw\zhang_2022_gce\41467_2022_33606_MOESM4_ESM.xlsx,Fig2C,209681.0,209714.0,ATGTACAT,resolved_from_local_fasta_motif,True,True,chr3
SynIII,SynIII_loxPsym_80,80,1.0,0.004424778761061947,./data\raw\zhang_2022_gce\41467_2022_33606_MOESM4_ESM.xlsx,Fig2C,215373.0,215406.0,ATGTACAT,resolved_from_local_fasta_motif,True,True,chr3
SynIII,SynIII_loxPsym_81,81,1.0,0.004424778761061947,./data\raw\zhang_2022_gce\41467_2022_33606_MOESM4_ESM.xlsx,Fig2C,216642.0,216675.0,ATGTACAT,resolved_from_local_fasta_motif,True,True,chr3
SynIII,SynIII_loxPsym_82,82,2.0,0.008849557522123894,./data\raw\zhang_2022_gce\41467_2022_33606_MOESM4_ESM.xlsx,Fig2C,216761.0,216794.0,ATGTACAT,resolved_from_local_fasta_motif,True,True,chr3
SynIII,SynIII_loxPsym_83,83,0.0,0.0,./data\raw\zhang_2022_gce\41467_2022_33606_MOESM4_ESM.xlsx,Fig2C,219281.0,219314.0,ATGTACAT,resolved_from_local_fasta_motif,True,True,chr3
SynIII,SynIII_loxPsym_84,84,2.0,0.008849557522123894,./data\raw\zhang_2022_gce\41467_2022_33606_MOESM4_ESM.xlsx,Fig2C,224643.0,224676.0,ATGTACAT,resolved_from_local_fasta_motif,True,True,chr3
SynIII,SynIII_loxPsym_85,85,1.0,0.004424778761061947,./data\raw\zhang_2022_gce\41467_2022_33606_MOESM4_ESM.xlsx,Fig2C,224793.0,224826.0,ATGTACAT,resolved_from_local_fasta_motif,True,True,chr3
SynIII,SynIII_loxPsym_86,86,1.0,0.004424778761061947,./data\raw\zhang_2022_gce\41467_2022_33606_MOESM4_ESM.xlsx,Fig2C,227032.0,227065.0,ATGTACAT,resolved_from_local_fasta_motif,True,True,chr3
SynIII,SynIII_loxPsym_87,87,0.0,0.0,./data\raw\zhang_2022_gce\41467_2022_33606_MOESM4_ESM.xlsx,Fig2C,231008.0,231041.0,ATGTACAT,resolved_from_local_fasta_motif,True,True,chr3
SynIII,SynIII_loxPsym_88,88,1.0,0.004424778761061947,./data\raw\zhang_2022_gce\41467_2022_33606_MOESM4_ESM.xlsx,Fig2C,235523.0,235556.0,ATGTACAT,resolved_from_local_fasta_motif,True,True,chr3
SynIII,SynIII_loxPsym_89,89,1.0,0.004424778761061947,./data\raw\zhang_2022_gce\41467_2022_33606_MOESM4_ESM.xlsx,Fig2C,236864.0,236897.0,ATGTACAT,resolved_from_local_fasta_motif,True,True,chr3
SynIII,SynIII_loxPsym_90,90,2.0,0.008849557522123894,./data\raw\zhang_2022_gce\41467_2022_33606_MOESM4_ESM.xlsx,Fig2C,237241.0,237274.0,ATGTACAT,resolved_from_local_fasta_motif,True,True,chr3
SynIII,SynIII_loxPsym_91,91,0.0,0.0,./data\raw\zhang_2022_gce\41467_2022_33606_MOESM4_ESM.xlsx,Fig2C,240935.0,240968.0,ATGTACAT,resolved_from_local_fasta_motif,True,True,chr3
SynIII,SynIII_loxPsym_92,92,2.0,0.008849557522123894,./data\raw\zhang_2022_gce\41467_2022_33606_MOESM4_ESM.xlsx,Fig2C,243851.0,243884.0,ATGTACAT,resolved_from_local_fasta_motif,True,True,chr3
SynIII,SynIII_loxPsym_93,93,2.0,0.008849557522123894,./data\raw\zhang_2022_gce\41467_2022_33606_MOESM4_ESM.xlsx,Fig2C,249302.0,249335.0,ATGTACAT,resolved_from_local_fasta_motif,True,True,chr3
SynIII,SynIII_loxPsym_94,94,1.0,0.004424778761061947,./data\raw\zhang_2022_gce\41467_2022_33606_MOESM4_ESM.xlsx,Fig2C,253638.0,253671.0,ATGTACAT,resolved_from_local_fasta_motif,True,True,chr3
SynIII,SynIII_loxPsym_95,95,0.0,0.0,./data\raw\zhang_2022_gce\41467_2022_33606_MOESM4_ESM.xlsx,Fig2C,253863.0,253896.0,ATGTACAT,resolved_from_local_fasta_motif,True,True,chr3
SynIII,SynIII_loxPsym_96,96,0.0,0.0,./data\raw\zhang_2022_gce\41467_2022_33606_MOESM4_ESM.xlsx,Fig2C,265077.0,265110.0,ATGTACAT,resolved_from_local_fasta_motif,True,True,chr3
SynIII,SynIII_loxPsym_97,97,0.0,0.0,./data\raw\zhang_2022_gce\41467_2022_33606_MOESM4_ESM.xlsx,Fig2C,268543.0,268576.0,ATGTACAT,resolved_from_local_fasta_motif,True,True,chr3
SynIII,SynIII_loxPsym_98,98,2.0,0.008849557522123894,./data\raw\zhang_2022_gce\41467_2022_33606_MOESM4_ESM.xlsx,Fig2C,269432.0,269465.0,ATGTACAT,resolved_from_local_fasta_motif,True,True,chr3
SynIII,SynIII_loxPsym_99,99,0.0,0.0,./data\raw\zhang_2022_gce\41467_2022_33606_MOESM4_ESM.xlsx,Fig2C,272161.0,272194.0,ATGTACAT,resolved_from_local_fasta_motif,True,True,chr3
SynIXR,SynIXR_loxPsym_0,0,2.0,0.034482758620689655,./data\raw\zhang_2022_gce\41467_2022_33606_MOESM4_ESM.xlsx,Fig2C,356945.0,356978.0,ATGTACAT,resolved_from_local_fasta_motif,True,True,chr9
SynIXR,SynIXR_loxPsym_1,1,1.0,0.017241379310344827,./data\raw\zhang_2022_gce\41467_2022_33606_MOESM4_ESM.xlsx,Fig2C,357634.0,357667.0,ATGTACAT,resolved_from_local_fasta_motif,True,True,chr9
SynIXR,SynIXR_loxPsym_2,2,3.0,0.05172413793103448,./data\raw\zhang_2022_gce\41467_2022_33606_MOESM4_ESM.xlsx,Fig2C,358940.0,358973.0,ATGTACAT,resolved_from_local_fasta_motif,True,True,chr9
SynIXR,SynIXR_loxPsym_3,3,0.0,0.0,./data\raw\zhang_2022_gce\41467_2022_33606_MOESM4_ESM.xlsx,Fig2C,364490.0,364523.0,ATGTACAT,resolved_from_local_fasta_motif,True,True,chr9
SynIXR,SynIXR_loxPsym_4,4,0.0,0.0,./data\raw\zhang_2022_gce\41467_2022_33606_MOESM4_ESM.xlsx,Fig2C,366119.0,366152.0,ATGTACAT,resolved_from_local_fasta_motif,True,True,chr9
SynIXR,SynIXR_loxPsym_5,5,2.0,0.034482758620689655,./data\raw\zhang_2022_gce\41467_2022_33606_MOESM4_ESM.xlsx,Fig2C,366969.0,367002.0,ATGTACAT,resolved_from_local_fasta_motif,True,True,chr9
SynIXR,SynIXR_loxPsym_6,6,7.0,0.1206896551724138,./data\raw\zhang_2022_gce\41467_2022_33606_MOESM4_ESM.xlsx,Fig2C,372081.0,372114.0,ATGTACAT,resolved_from_local_fasta_motif,True,True,chr9
SynIXR,SynIXR_loxPsym_7,7,0.0,0.0,./data\raw\zhang_2022_gce\41467_2022_33606_MOESM4_ESM.xlsx,Fig2C,374628.0,374661.0,ATGTACAT,resolved_from_local_fasta_motif,True,True,chr9
SynIXR,SynIXR_loxPsym_8,8,0.0,0.0,./data\raw\zhang_2022_gce\41467_2022_33606_MOESM4_ESM.xlsx,Fig2C,376524.0,376557.0,ATGTACAT,resolved_from_local_fasta_motif,True,True,chr9
SynIXR,SynIXR_loxPsym_9,9,1.0,0.017241379310344827,./data\raw\zhang_2022_gce\41467_2022_33606_MOESM4_ESM.xlsx,Fig2C,381710.0,381743.0,ATGTACAT,resolved_from_local_fasta_motif,True,True,chr9
SynIXR,SynIXR_loxPsym_10,10,5.0,0.08620689655172414,./data\raw\zhang_2022_gce\41467_2022_33606_MOESM4_ESM.xlsx,Fig2C,383546.0,383579.0,ATGTACAT,resolved_from_local_fasta_motif,True,True,chr9
SynIXR,SynIXR_loxPsym_11,11,2.0,0.034482758620689655,./data\raw\zhang_2022_gce\41467_2022_33606_MOESM4_ESM.xlsx,Fig2C,385191.0,385224.0,ATGTACAT,resolved_from_local_fasta_motif,True,True,chr9
SynIXR,SynIXR_loxPsym_12,12,2.0,0.034482758620689655,./data\raw\zhang_2022_gce\41467_2022_33606_MOESM4_ESM.xlsx,Fig2C,385349.0,385382.0,ATGTACAT,resolved_from_local_fasta_motif,True,True,chr9
SynIXR,SynIXR_loxPsym_13,13,0.0,0.0,./data\raw\zhang_2022_gce\41467_2022_33606_MOESM4_ESM.xlsx,Fig2C,387180.0,387213.0,ATGTACAT,resolved_from_local_fasta_motif,True,True,chr9
SynIXR,SynIXR_loxPsym_14,14,0.0,0.0,./data\raw\zhang_2022_gce\41467_2022_33606_MOESM4_ESM.xlsx,Fig2C,387425.0,387458.0,ATGTACAT,resolved_from_local_fasta_motif,True,True,chr9
SynIXR,SynIXR_loxPsym_15,15,0.0,0.0,./data\raw\zhang_2022_gce\41467_2022_33606_MOESM4_ESM.xlsx,Fig2C,391467.0,391500.0,ATGTACAT,resolved_from_local_fasta_motif,True,True,chr9
SynIXR,SynIXR_loxPsym_16,16,1.0,0.017241379310344827,./data\raw\zhang_2022_gce\41467_2022_33606_MOESM4_ESM.xlsx,Fig2C,396184.0,396217.0,ATGTACAT,resolved_from_local_fasta_motif,True,True,chr9
SynIXR,SynIXR_loxPsym_17,17,2.0,0.034482758620689655,./data\raw\zhang_2022_gce\41467_2022_33606_MOESM4_ESM.xlsx,Fig2C,397129.0,397162.0,ATGTACAT,resolved_from_local_fasta_motif,True,True,chr9
SynIXR,SynIXR_loxPsym_18,18,0.0,0.0,./data\raw\zhang_2022_gce\41467_2022_33606_MOESM4_ESM.xlsx,Fig2C,400389.0,400422.0,ATGTACAT,resolved_from_local_fasta_motif,True,True,chr9
SynIXR,SynIXR_loxPsym_19,19,4.0,0.06896551724137931,./data\raw\zhang_2022_gce\41467_2022_33606_MOESM4_ESM.xlsx,Fig2C,404727.0,404760.0,ATGTACAT,resolved_from_local_fasta_motif,True,True,chr9
SynIXR,SynIXR_loxPsym_20,20,5.0,0.08620689655172414,./data\raw\zhang_2022_gce\41467_2022_33606_MOESM4_ESM.xlsx,Fig2C,404906.0,404939.0,ATGTACAT,resolved_from_local_fasta_motif,True,True,chr9
SynIXR,SynIXR_loxPsym_21,21,0.0,0.0,./data\raw\zhang_2022_gce\41467_2022_33606_MOESM4_ESM.xlsx,Fig2C,406871.0,406904.0,ATGTACAT,resolved_from_local_fasta_motif,True,True,chr9
SynIXR,SynIXR_loxPsym_22,22,1.0,0.017241379310344827,./data\raw\zhang_2022_gce\41467_2022_33606_MOESM4_ESM.xlsx,Fig2C,407006.0,407039.0,ATGTACAT,resolved_from_local_fasta_motif,True,True,chr9
SynIXR,SynIXR_loxPsym_23,23,2.0,0.034482758620689655,./data\raw\zhang_2022_gce\41467_2022_33606_MOESM4_ESM.xlsx,Fig2C,408427.0,408460.0,ATGTACAT,resolved_from_local_fasta_motif,True,True,chr9
SynIXR,SynIXR_loxPsym_24,24,1.0,0.017241379310344827,./data\raw\zhang_2022_gce\41467_2022_33606_MOESM4_ESM.xlsx,Fig2C,412583.0,412616.0,ATGTACAT,resolved_from_local_fasta_motif,True,True,chr9
SynIXR,SynIXR_loxPsym_25,25,1.0,0.017241379310344827,./data\raw\zhang_2022_gce\41467_2022_33606_MOESM4_ESM.xlsx,Fig2C,414080.0,414113.0,ATGTACAT,resolved_from_local_fasta_motif,True,True,chr9
SynIXR,SynIXR_loxPsym_26,26,2.0,0.034482758620689655,./data\raw\zhang_2022_gce\41467_2022_33606_MOESM4_ESM.xlsx,Fig2C,414309.0,414342.0,ATGTACAT,resolved_from_local_fasta_motif,True,True,chr9
SynIXR,SynIXR_loxPsym_27,27,1.0,0.017241379310344827,./data\raw\zhang_2022_gce\41467_2022_33606_MOESM4_ESM.xlsx,Fig2C,415318.0,415351.0,ATGTACAT,resolved_from_local_fasta_motif,True,True,chr9
SynIXR,SynIXR_loxPsym_28,28,0.0,0.0,./data\raw\zhang_2022_gce\41467_2022_33606_MOESM4_ESM.xlsx,Fig2C,417367.0,417400.0,ATGTACAT,resolved_from_local_fasta_motif,True,True,chr9
SynIXR,SynIXR_loxPsym_29,29,1.0,0.017241379310344827,./data\raw\zhang_2022_gce\41467_2022_33606_MOESM4_ESM.xlsx,Fig2C,421843.0,421876.0,ATGTACAT,resolved_from_local_fasta_motif,True,True,chr9
SynIXR,SynIXR_loxPsym_30,30,0.0,0.0,./data\raw\zhang_2022_gce\41467_2022_33606_MOESM4_ESM.xlsx,Fig2C,422020.0,422053.0,ATGTACAT,resolved_from_local_fasta_motif,True,True,chr9
SynIXR,SynIXR_loxPsym_31,31,0.0,0.0,./data\raw\zhang_2022_gce\41467_2022_33606_MOESM4_ESM.xlsx,Fig2C,423465.0,423498.0,ATGTACAT,resolved_from_local_fasta_motif,True,True,chr9
SynIXR,SynIXR_loxPsym_32,32,0.0,0.0,./data\raw\zhang_2022_gce\41467_2022_33606_MOESM4_ESM.xlsx,Fig2C,424547.0,424580.0,ATGTACAT,resolved_from_local_fasta_motif,True,True,chr9
SynIXR,SynIXR_loxPsym_33,33,0.0,0.0,./data\raw\zhang_2022_gce\41467_2022_33606_MOESM4_ESM.xlsx,Fig2C,426133.0,426166.0,ATGTACAT,resolved_from_local_fasta_motif,True,True,chr9
SynIXR,SynIXR_loxPsym_34,34,1.0,0.017241379310344827,./data\raw\zhang_2022_gce\41467_2022_33606_MOESM4_ESM.xlsx,Fig2C,426350.0,426383.0,ATGTACAT,resolved_from_local_fasta_motif,True,True,chr9
SynIXR,SynIXR_loxPsym_35,35,2.0,0.034482758620689655,./data\raw\zhang_2022_gce\41467_2022_33606_MOESM4_ESM.xlsx,Fig2C,428779.0,428812.0,ATGTACAT,resolved_from_local_fasta_motif,True,True,chr9
SynIXR,SynIXR_loxPsym_36,36,0.0,0.0,./data\raw\zhang_2022_gce\41467_2022_33606_MOESM4_ESM.xlsx,Fig2C,432881.0,432914.0,ATGTACAT,resolved_from_local_fasta_motif,True,True,chr9
SynIXR,SynIXR_loxPsym_37,37,3.0,0.05172413793103448,./data\raw\zhang_2022_gce\41467_2022_33606_MOESM4_ESM.xlsx,Fig2C,435806.0,435839.0,ATGTACAT,resolved_from_local_fasta_motif,True,True,chr9
SynIXR,SynIXR_loxPsym_38,38,1.0,0.017241379310344827,./data\raw\zhang_2022_gce\41467_2022_33606_MOESM4_ESM.xlsx,Fig2C,436761.0,436794.0,ATGTACAT,resolved_from_local_fasta_motif,True,True,chr9
SynIXR,SynIXR_loxPsym_39,39,0.0,0.0,./data\raw\zhang_2022_gce\41467_2022_33606_MOESM4_ESM.xlsx,Fig2C,437759.0,437792.0,ATGTACAT,resolved_from_local_fasta_motif,True,True,chr9
SynIXR,SynIXR_loxPsym_40,40,2.0,0.034482758620689655,./data\raw\zhang_2022_gce\41467_2022_33606_MOESM4_ESM.xlsx,Fig2C,439563.0,439596.0,ATGTACAT,resolved_from_local_fasta_motif,True,True,chr9
SynIXR,SynIXR_loxPsym_41,41,0.0,0.0,./data\raw\zhang_2022_gce\41467_2022_33606_MOESM4_ESM.xlsx,Fig2C,440548.0,440581.0,ATGTACAT,resolved_from_local_fasta_motif,True,True,chr9
SynIXR,SynIXR_loxPsym_42,42,2.0,0.034482758620689655,./data\raw\zhang_2022_gce\41467_2022_33606_MOESM4_ESM.xlsx,Fig2C,441554.0,441587.0,ATGTACAT,resolved_from_local_fasta_motif,True,True,chr9
SynIXR,SynIXR_loxPsym_43,43,1.0,0.017241379310344827,./data\raw\zhang_2022_gce\41467_2022_33606_MOESM4_ESM.xlsx,Fig2C,,,,unresolved_no_matching_fasta_loxpsym,True,False,chr9
SynVI,SynVI_loxPsym_0,0,3.0,0.03125,./data\raw\zhang_2022_gce\41467_2022_33606_MOESM4_ESM.xlsx,Fig2C,304.0,337.0,ATGTACAT,resolved_from_local_fasta_motif,True,True,chr6
SynVI,SynVI_loxPsym_1,1,2.0,0.020833333333333332,./data\raw\zhang_2022_gce\41467_2022_33606_MOESM4_ESM.xlsx,Fig2C,606.0,639.0,ATGTACAT,resolved_from_local_fasta_motif,True,True,chr6
SynVI,SynVI_loxPsym_2,2,1.0,0.010416666666666666,./data\raw\zhang_2022_gce\41467_2022_33606_MOESM4_ESM.xlsx,Fig2C,649.0,682.0,GCATACAT,resolved_from_local_fasta_motif,True,True,chr6
SynVI,SynVI_loxPsym_3,3,0.0,0.0,./data\raw\zhang_2022_gce\41467_2022_33606_MOESM4_ESM.xlsx,Fig2C,10395.0,10428.0,ATGTACAT,resolved_from_local_fasta_motif,True,True,chr6
SynVI,SynVI_loxPsym_4,4,0.0,0.0,./data\raw\zhang_2022_gce\41467_2022_33606_MOESM4_ESM.xlsx,Fig2C,18496.0,18529.0,ATGTACAT,resolved_from_local_fasta_motif,True,True,chr6
SynVI,SynVI_loxPsym_5,5,0.0,0.0,./data\raw\zhang_2022_gce\41467_2022_33606_MOESM4_ESM.xlsx,Fig2C,24101.0,24134.0,ATGTACAT,resolved_from_local_fasta_motif,True,True,chr6
SynVI,SynVI_loxPsym_6,6,0.0,0.0,./data\raw\zhang_2022_gce\41467_2022_33606_MOESM4_ESM.xlsx,Fig2C,27864.0,27897.0,ATGTACAT,resolved_from_local_fasta_motif,True,True,chr6
SynVI,SynVI_loxPsym_7,7,0.0,0.0,./data\raw\zhang_2022_gce\41467_2022_33606_MOESM4_ESM.xlsx,Fig2C,29981.0,30014.0,ATGTACAT,resolved_from_local_fasta_motif,True,True,chr6
SynVI,SynVI_loxPsym_8,8,0.0,0.0,./data\raw\zhang_2022_gce\41467_2022_33606_MOESM4_ESM.xlsx,Fig2C,36374.0,36407.0,ATGTACAT,resolved_from_local_fasta_motif,True,True,chr6
SynVI,SynVI_loxPsym_9,9,0.0,0.0,./data\raw\zhang_2022_gce\41467_2022_33606_MOESM4_ESM.xlsx,Fig2C,47929.0,47962.0,ATGTACAT,resolved_from_local_fasta_motif,True,True,chr6
SynVI,SynVI_loxPsym_10,10,0.0,0.0,./data\raw\zhang_2022_gce\41467_2022_33606_MOESM4_ESM.xlsx,Fig2C,49248.0,49281.0,ATGTACAT,resolved_from_local_fasta_motif,True,True,chr6
SynVI,SynVI_loxPsym_11,11,0.0,0.0,./data\raw\zhang_2022_gce\41467_2022_33606_MOESM4_ESM.xlsx,Fig2C,53832.0,53865.0,ATGTACAT,resolved_from_local_fasta_motif,True,True,chr6
SynVI,SynVI_loxPsym_12,12,0.0,0.0,./data\raw\zhang_2022_gce\41467_2022_33606_MOESM4_ESM.xlsx,Fig2C,60905.0,60938.0,ATGTACAT,resolved_from_local_fasta_motif,True,True,chr6
SynVI,SynVI_loxPsym_13,13,1.0,0.010416666666666666,./data\raw\zhang_2022_gce\41467_2022_33606_MOESM4_ESM.xlsx,Fig2C,62780.0,62813.0,ATGTACAT,resolved_from_local_fasta_motif,True,True,chr6
SynVI,SynVI_loxPsym_14,14,1.0,0.010416666666666666,./data\raw\zhang_2022_gce\41467_2022_33606_MOESM4_ESM.xlsx,Fig2C,64163.0,64196.0,ATGTACAT,resolved_from_local_fasta_motif,True,True,chr6
SynVI,SynVI_loxPsym_15,15,1.0,0.010416666666666666,./data\raw\zhang_2022_gce\41467_2022_33606_MOESM4_ESM.xlsx,Fig2C,65272.0,65305.0,ATGTACAT,resolved_from_local_fasta_motif,True,True,chr6
SynVI,SynVI_loxPsym_16,16,0.0,0.0,./data\raw\zhang_2022_gce\41467_2022_33606_MOESM4_ESM.xlsx,Fig2C,68769.0,68802.0,ATGTACAT,resolved_from_local_fasta_motif,True,True,chr6
SynVI,SynVI_loxPsym_17,17,0.0,0.0,./data\raw\zhang_2022_gce\41467_2022_33606_MOESM4_ESM.xlsx,Fig2C,69066.0,69099.0,ATGTACAT,resolved_from_local_fasta_motif,True,True,chr6
SynVI,SynVI_loxPsym_18,18,0.0,0.0,./data\raw\zhang_2022_gce\41467_2022_33606_MOESM4_ESM.xlsx,Fig2C,78338.0,78371.0,ATGTACAT,resolved_from_local_fasta_motif,True,True,chr6
SynVI,SynVI_loxPsym_19,19,1.0,0.010416666666666666,./data\raw\zhang_2022_gce\41467_2022_33606_MOESM4_ESM.xlsx,Fig2C,82494.0,82527.0,ATGTACAT,resolved_from_local_fasta_motif,True,True,chr6
SynVI,SynVI_loxPsym_20,20,0.0,0.0,./data\raw\zhang_2022_gce\41467_2022_33606_MOESM4_ESM.xlsx,Fig2C,84250.0,84283.0,ATGTACAT,resolved_from_local_fasta_motif,True,True,chr6
SynVI,SynVI_loxPsym_21,21,1.0,0.010416666666666666,./data\raw\zhang_2022_gce\41467_2022_33606_MOESM4_ESM.xlsx,Fig2C,85637.0,85670.0,ATGTACAT,resolved_from_local_fasta_motif,True,True,chr6
SynVI,SynVI_loxPsym_22,22,0.0,0.0,./data\raw\zhang_2022_gce\41467_2022_33606_MOESM4_ESM.xlsx,Fig2C,85817.0,85850.0,ATGTACAT,resolved_from_local_fasta_motif,True,True,chr6
SynVI,SynVI_loxPsym_23,23,0.0,0.0,./data\raw\zhang_2022_gce\41467_2022_33606_MOESM4_ESM.xlsx,Fig2C,88924.0,88957.0,ATGTACAT,resolved_from_local_fasta_motif,True,True,chr6
SynVI,SynVI_loxPsym_24,24,1.0,0.010416666666666666,./data\raw\zhang_2022_gce\41467_2022_33606_MOESM4_ESM.xlsx,Fig2C,91849.0,91882.0,ATGTACAT,resolved_from_local_fasta_motif,True,True,chr6
SynVI,SynVI_loxPsym_25,25,0.0,0.0,./data\raw\zhang_2022_gce\41467_2022_33606_MOESM4_ESM.xlsx,Fig2C,98283.0,98316.0,ATGTACAT,resolved_from_local_fasta_motif,True,True,chr6
SynVI,SynVI_loxPsym_26,26,0.0,0.0,./data\raw\zhang_2022_gce\41467_2022_33606_MOESM4_ESM.xlsx,Fig2C,114243.0,114276.0,ATGTACAT,resolved_from_local_fasta_motif,True,True,chr6
SynVI,SynVI_loxPsym_27,27,3.0,0.03125,./data\raw\zhang_2022_gce\41467_2022_33606_MOESM4_ESM.xlsx,Fig2C,118663.0,118696.0,ATGTACAT,resolved_from_local_fasta_motif,True,True,chr6
SynVI,SynVI_loxPsym_28,28,4.0,0.041666666666666664,./data\raw\zhang_2022_gce\41467_2022_33606_MOESM4_ESM.xlsx,Fig2C,118915.0,118948.0,ATGTACAT,resolved_from_local_fasta_motif,True,True,chr6
SynVI,SynVI_loxPsym_29,29,7.0,0.07291666666666667,./data\raw\zhang_2022_gce\41467_2022_33606_MOESM4_ESM.xlsx,Fig2C,121917.0,121950.0,ATGTACAT,resolved_from_local_fasta_motif,True,True,chr6
SynVI,SynVI_loxPsym_30,30,6.0,0.0625,./data\raw\zhang_2022_gce\41467_2022_33606_MOESM4_ESM.xlsx,Fig2C,125591.0,125624.0,ATGTACAT,resolved_from_local_fasta_motif,True,True,chr6
SynVI,SynVI_loxPsym_31,31,5.0,0.052083333333333336,./data\raw\zhang_2022_gce\41467_2022_33606_MOESM4_ESM.xlsx,Fig2C,125832.0,125865.0,ATGTACAT,resolved_from_local_fasta_motif,True,True,chr6
SynVI,SynVI_loxPsym_32,32,0.0,0.0,./data\raw\zhang_2022_gce\41467_2022_33606_MOESM4_ESM.xlsx,Fig2C,126922.0,126955.0,ATGTACAT,resolved_from_local_fasta_motif,True,True,chr6
SynVI,SynVI_loxPsym_33,33,4.0,0.041666666666666664,./data\raw\zhang_2022_gce\41467_2022_33606_MOESM4_ESM.xlsx,Fig2C,135143.0,135176.0,ATGTACAT,resolved_from_local_fasta_motif,True,True,chr6
SynVI,SynVI_loxPsym_34,34,0.0,0.0,./data\raw\zhang_2022_gce\41467_2022_33606_MOESM4_ESM.xlsx,Fig2C,137694.0,137727.0,ATGTACAT,resolved_from_local_fasta_motif,True,True,chr6
SynVI,SynVI_loxPsym_35,35,7.0,0.07291666666666667,./data\raw\zhang_2022_gce\41467_2022_33606_MOESM4_ESM.xlsx,Fig2C,138328.0,138361.0,ATGTACAT,resolved_from_local_fasta_motif,True,True,chr6
SynVI,SynVI_loxPsym_36,36,0.0,0.0,./data\raw\zhang_2022_gce\41467_2022_33606_MOESM4_ESM.xlsx,Fig2C,140813.0,140846.0,ATGTACAT,resolved_from_local_fasta_motif,True,True,chr6
SynVI,SynVI_loxPsym_37,37,0.0,0.0,./data\raw\zhang_2022_gce\41467_2022_33606_MOESM4_ESM.xlsx,Fig2C,142666.0,142699.0,ATGTACAT,resolved_from_local_fasta_motif,True,True,chr6
SynVI,SynVI_loxPsym_38,38,3.0,0.03125,./data\raw\zhang_2022_gce\41467_2022_33606_MOESM4_ESM.xlsx,Fig2C,143567.0,143600.0,ATGTACAT,resolved_from_local_fasta_motif,True,True,chr6
SynVI,SynVI_loxPsym_39,39,1.0,0.010416666666666666,./data\raw\zhang_2022_gce\41467_2022_33606_MOESM4_ESM.xlsx,Fig2C,148363.0,148396.0,ATGTACAT,resolved_from_local_fasta_motif,True,True,chr6
SynVI,SynVI_loxPsym_40,40,0.0,0.0,./data\raw\zhang_2022_gce\41467_2022_33606_MOESM4_ESM.xlsx,Fig2C,148642.0,148675.0,ATGTACAT,resolved_from_local_fasta_motif,True,True,chr6
SynVI,SynVI_loxPsym_41,41,1.0,0.010416666666666666,./data\raw\zhang_2022_gce\41467_2022_33606_MOESM4_ESM.xlsx,Fig2C,150404.0,150437.0,ATGTACAT,resolved_from_local_fasta_motif,True,True,chr6
SynVI,SynVI_loxPsym_42,42,0.0,0.0,./data\raw\zhang_2022_gce\41467_2022_33606_MOESM4_ESM.xlsx,Fig2C,153215.0,153248.0,ATGTACAT,resolved_from_local_fasta_motif,True,True,chr6
SynVI,SynVI_loxPsym_43,43,0.0,0.0,./data\raw\zhang_2022_gce\41467_2022_33606_MOESM4_ESM.xlsx,Fig2C,157184.0,157217.0,ATGTACAT,resolved_from_local_fasta_motif,True,True,chr6
SynVI,SynVI_loxPsym_44,44,1.0,0.010416666666666666,./data\raw\zhang_2022_gce\41467_2022_33606_MOESM4_ESM.xlsx,Fig2C,167511.0,167544.0,ATGTACAT,resolved_from_local_fasta_motif,True,True,chr6
SynVI,SynVI_loxPsym_45,45,1.0,0.010416666666666666,./data\raw\zhang_2022_gce\41467_2022_33606_MOESM4_ESM.xlsx,Fig2C,167716.0,167749.0,ATGTACAT,resolved_from_local_fasta_motif,True,True,chr6
SynVI,SynVI_loxPsym_46,46,1.0,0.010416666666666666,./data\raw\zhang_2022_gce\41467_2022_33606_MOESM4_ESM.xlsx,Fig2C,172213.0,172246.0,ATGTACAT,resolved_from_local_fasta_motif,True,True,chr6
SynVI,SynVI_loxPsym_47,47,0.0,0.0,./data\raw\zhang_2022_gce\41467_2022_33606_MOESM4_ESM.xlsx,Fig2C,174967.0,175000.0,ATGTACAT,resolved_from_local_fasta_motif,True,True,chr6
SynVI,SynVI_loxPsym_48,48,0.0,0.0,./data\raw\zhang_2022_gce\41467_2022_33606_MOESM4_ESM.xlsx,Fig2C,177676.0,177709.0,ATGTACAT,resolved_from_local_fasta_motif,True,True,chr6
SynVI,SynVI_loxPsym_49,49,2.0,0.020833333333333332,./data\raw\zhang_2022_gce\41467_2022_33606_MOESM4_ESM.xlsx,Fig2C,177954.0,177987.0,ATGTACAT,resolved_from_local_fasta_motif,True,True,chr6
SynVI,SynVI_loxPsym_50,50,2.0,0.020833333333333332,./data\raw\zhang_2022_gce\41467_2022_33606_MOESM4_ESM.xlsx,Fig2C,179653.0,179686.0,ATGTACAT,resolved_from_local_fasta_motif,True,True,chr6
SynVI,SynVI_loxPsym_51,51,2.0,0.020833333333333332,./data\raw\zhang_2022_gce\41467_2022_33606_MOESM4_ESM.xlsx,Fig2C,180871.0,180904.0,ATGTACAT,resolved_from_local_fasta_motif,True,True,chr6
SynVI,SynVI_loxPsym_52,52,1.0,0.010416666666666666,./data\raw\zhang_2022_gce\41467_2022_33606_MOESM4_ESM.xlsx,Fig2C,182830.0,182863.0,ATGTACAT,resolved_from_local_fasta_motif,True,True,chr6
SynVI,SynVI_loxPsym_53,53,3.0,0.03125,./data\raw\zhang_2022_gce\41467_2022_33606_MOESM4_ESM.xlsx,Fig2C,186344.0,186377.0,ATGTACAT,resolved_from_local_fasta_motif,True,True,chr6
SynVI,SynVI_loxPsym_54,54,0.0,0.0,./data\raw\zhang_2022_gce\41467_2022_33606_MOESM4_ESM.xlsx,Fig2C,196174.0,196207.0,ATGTACAT,resolved_from_local_fasta_motif,True,True,chr6
SynVI,SynVI_loxPsym_55,55,1.0,0.010416666666666666,./data\raw\zhang_2022_gce\41467_2022_33606_MOESM4_ESM.xlsx,Fig2C,198812.0,198845.0,ATGTACAT,resolved_from_local_fasta_motif,True,True,chr6
SynVI,SynVI_loxPsym_56,56,7.0,0.07291666666666667,./data\raw\zhang_2022_gce\41467_2022_33606_MOESM4_ESM.xlsx,Fig2C,199914.0,199947.0,ATGTACAT,resolved_from_local_fasta_motif,True,True,chr6
SynVI,SynVI_loxPsym_57,57,10.0,0.10416666666666667,./data\raw\zhang_2022_gce\41467_2022_33606_MOESM4_ESM.xlsx,Fig2C,200642.0,200675.0,ATGTACAT,resolved_from_local_fasta_motif,True,True,chr6
SynVI,SynVI_loxPsym_58,58,3.0,0.03125,./data\raw\zhang_2022_gce\41467_2022_33606_MOESM4_ESM.xlsx,Fig2C,202347.0,202380.0,ATGTACAT,resolved_from_local_fasta_motif,True,True,chr6
SynVI,SynVI_loxPsym_59,59,2.0,0.020833333333333332,./data\raw\zhang_2022_gce\41467_2022_33606_MOESM4_ESM.xlsx,Fig2C,202961.0,202994.0,ATGTACAT,resolved_from_local_fasta_motif,True,True,chr6
SynVI,SynVI_loxPsym_60,60,0.0,0.0,./data\raw\zhang_2022_gce\41467_2022_33606_MOESM4_ESM.xlsx,Fig2C,212908.0,212941.0,ATGTACAT,resolved_from_local_fasta_motif,True,True,chr6
SynVI,SynVI_loxPsym_61,61,0.0,0.0,./data\raw\zhang_2022_gce\41467_2022_33606_MOESM4_ESM.xlsx,Fig2C,218687.0,218720.0,ATGTACAT,resolved_from_local_fasta_motif,True,True,chr6
SynVI,SynVI_loxPsym_62,62,0.0,0.0,./data\raw\zhang_2022_gce\41467_2022_33606_MOESM4_ESM.xlsx,Fig2C,219926.0,219959.0,ATGTACAT,resolved_from_local_fasta_motif,True,True,chr6
SynVI,SynVI_loxPsym_63,63,0.0,0.0,./data\raw\zhang_2022_gce\41467_2022_33606_MOESM4_ESM.xlsx,Fig2C,223822.0,223855.0,ATGTACAT,resolved_from_local_fasta_motif,True,True,chr6
SynVI,SynVI_loxPsym_64,64,0.0,0.0,./data\raw\zhang_2022_gce\41467_2022_33606_MOESM4_ESM.xlsx,Fig2C,224616.0,224649.0,ATGTACAT,resolved_from_local_fasta_motif,True,True,chr6
SynVI,SynVI_loxPsym_65,65,0.0,0.0,./data\raw\zhang_2022_gce\41467_2022_33606_MOESM4_ESM.xlsx,Fig2C,229341.0,229374.0,ATGTACAT,resolved_from_local_fasta_motif,True,True,chr6
SynVI,SynVI_loxPsym_66,66,2.0,0.020833333333333332,./data\raw\zhang_2022_gce\41467_2022_33606_MOESM4_ESM.xlsx,Fig2C,241016.0,241049.0,ATGTACAT,resolved_from_local_fasta_motif,True,True,chr6
SynVI,SynVI_loxPsym_67,67,2.0,0.020833333333333332,./data\raw\zhang_2022_gce\41467_2022_33606_MOESM4_ESM.xlsx,Fig2C,242023.0,242056.0,ATGTACAT,resolved_from_local_fasta_motif,True,True,chr6
SynVI,SynVI_loxPsym_68,68,2.0,0.020833333333333332,./data\raw\zhang_2022_gce\41467_2022_33606_MOESM4_ESM.xlsx,Fig2C,242064.0,242097.0,ATGTATGC,resolved_from_local_fasta_motif,True,True,chr6
SynVI,SynVI_loxPsym_69,69,1.0,0.010416666666666666,./data\raw\zhang_2022_gce\41467_2022_33606_MOESM4_ESM.xlsx,Fig2C,242107.0,242140.0,ATGTACAT,resolved_from_local_fasta_motif,True,True,chr6
SynVI,SynVI_loxPsym_70,70,0.0,0.0,./data\raw\zhang_2022_gce\41467_2022_33606_MOESM4_ESM.xlsx,Fig2C,242409.0,242442.0,ATGTACAT,resolved_from_local_fasta_motif,True,True,chr6
