chromosome,segment_id,segment_order,left_lox_id,right_lox_id,start_bp,end_bp,coordinate_status,orf_ids,orf_names,essential_orf_ids,important_feature_ids
SynII,SynII_SEG_0000,0,TEL_LEFT,SynII_loxPsym_0,1.0,304.0,resolved,,,,
SynII,SynII_SEG_0001,1,SynII_loxPsym_0,SynII_loxPsym_1,337.0,606.0,resolved,,,,SynII_telomere_0001
SynII,SynII_SEG_0002,2,SynII_loxPsym_1,SynII_loxPsym_2,639.0,649.0,resolved,,,,
SynII,SynII_SEG_0003,3,SynII_loxPsym_2,SynII_loxPsym_3,682.0,982.0,resolved,,,,
SynII,SynII_SEG_0004,4,SynII_loxPsym_3,SynII_loxPsym_4,1015.0,8346.0,resolved,S000000201;S000000202,PKC1;SRO77,S000000201,
SynII,SynII_SEG_0005,5,SynII_loxPsym_4,SynII_loxPsym_5,8379.0,12279.0,resolved,S000000200,SEA4,,
SynII,SynII_SEG_0006,6,SynII_loxPsym_5,SynII_loxPsym_6,12312.0,14989.0,resolved,S000000198;S000000199,RTG3;SFT2,,
SynII,SynII_SEG_0007,7,SynII_loxPsym_6,SynII_loxPsym_7,15022.0,15217.0,resolved,,,,
SynII,SynII_SEG_0008,8,SynII_loxPsym_7,SynII_loxPsym_8,15250.0,19951.0,resolved,S000028598,YBL100W-C,,SynII_rep_origin_0008
SynII,SynII_SEG_0009,9,SynII_loxPsym_8,SynII_loxPsym_9,19984.0,22190.0,resolved,S000000195;S000000196,ATP1;YBL100C,,
SynII,SynII_SEG_0010,10,SynII_loxPsym_9,SynII_loxPsym_10,22223.0,24061.0,resolved,S000000194,BNA4,,
SynII,SynII_SEG_0011,11,SynII_loxPsym_10,SynII_loxPsym_11,24094.0,27817.0,resolved,S000000190;S000000191;S000000192;S000000193,BRN1;YBL094C;YBL095W;YBL096C,S000000193,
SynII,SynII_SEG_0012,12,SynII_loxPsym_11,SynII_loxPsym_12,27850.0,30160.0,resolved,S000000188;S000000189,ROX3;RPL32,S000000188,
SynII,SynII_SEG_0013,13,SynII_loxPsym_12,SynII_loxPsym_13,30193.0,30904.0,resolved,S000007228,SCS22,,
SynII,SynII_SEG_0014,14,SynII_loxPsym_13,SynII_loxPsym_14,30937.0,32940.0,resolved,S000000186;S000000187,MAP2;MRP21,,
SynII,SynII_SEG_0015,15,SynII_loxPsym_14,SynII_loxPsym_15,32973.0,34569.0,resolved,S000000185,AVT5,,
SynII,SynII_SEG_0016,16,SynII_loxPsym_15,SynII_loxPsym_16,34602.0,34662.0,resolved,,,,
SynII,SynII_SEG_0017,17,SynII_loxPsym_16,SynII_loxPsym_17,34695.0,43499.0,resolved,S000000184,TEL1,,
SynII,SynII_SEG_0018,18,SynII_loxPsym_17,SynII_loxPsym_18,43532.0,50536.0,resolved,S000000181;S000000182;S000000183,BOI1;RPL23A;YBL086C,,SynII_rep_origin_0025
SynII,SynII_SEG_0019,19,SynII_loxPsym_18,SynII_loxPsym_19,50569.0,56815.0,resolved,S000000177;S000000178;S000000179;S000000180,ALG3;CDC27;YBL081W;YBL083C,S000000180,
SynII,SynII_SEG_0020,20,SynII_loxPsym_19,SynII_loxPsym_20,56848.0,63553.0,resolved,S000000175;S000000176,NUP170;PET112,,
SynII,SynII_SEG_0021,21,SynII_loxPsym_20,SynII_loxPsym_21,63586.0,68312.0,resolved,S000000172;S000000173;S000000174,ATG8;ILS1;YBL077W,S000000172;S000000173,
SynII,SynII_SEG_0022,22,SynII_loxPsym_21,SynII_loxPsym_22,68345.0,72370.0,resolved,S000000169;S000000170;S000000171,AAR2;SSA3;YBL073W,S000000169;S000000170,
SynII,SynII_SEG_0023,23,SynII_loxPsym_22,SynII_loxPsym_23,72403.0,75918.0,resolved,S000000165;S000000166;S000000167;S000000168;S000007587;S000028530;S000028597,AST1;KTI11;RPS8A;YBL068W-A;YBL070C;YBL071C;YBL071C-B,,
SynII,SynII_SEG_0024,24,SynII_loxPsym_23,SynII_loxPsym_24,75951.0,77316.0,resolved,S000000164,PRS4,,
SynII,SynII_SEG_0025,25,SynII_loxPsym_24,SynII_loxPsym_25,77349.0,77588.0,resolved,,,,
SynII,SynII_SEG_0026,26,SynII_loxPsym_25,SynII_loxPsym_26,77621.0,80652.0,resolved,S000000163,UBP13,,
SynII,SynII_SEG_0027,27,SynII_loxPsym_26,SynII_loxPsym_27,80685.0,84388.0,resolved,S000000161;S000000162,SEF1;YBL065W,,
SynII,SynII_SEG_0028,28,SynII_loxPsym_27,SynII_loxPsym_28,84421.0,89279.0,resolved,S000000159;S000000160,KIP1;PRX1,,
SynII,SynII_SEG_0029,29,SynII_loxPsym_28,SynII_loxPsym_29,89312.0,94087.0,resolved,S000000156;S000000157;S000000158,SKT5;YBL062W;YEL1,,
SynII,SynII_SEG_0030,30,SynII_loxPsym_29,SynII_loxPsym_30,94120.0,94244.0,resolved,,,,
SynII,SynII_SEG_0031,31,SynII_loxPsym_30,SynII_loxPsym_31,94277.0,96714.0,resolved,S000000154;S000007488,CMC2;SHP1,,
SynII,SynII_SEG_0032,32,SynII_loxPsym_31,SynII_loxPsym_32,96747.0,96834.0,resolved,,,,
SynII,SynII_SEG_0033,33,SynII_loxPsym_32,SynII_loxPsym_33,96867.0,99242.0,resolved,S000000152;S000000153,PTC3;PTH2,,
SynII,SynII_SEG_0034,34,SynII_loxPsym_33,SynII_loxPsym_34,99275.0,99674.0,resolved,,,,
SynII,SynII_SEG_0035,35,SynII_loxPsym_34,SynII_loxPsym_35,99707.0,103308.0,resolved,S000000150;S000000151,TOD6;YBL055C,,
SynII,SynII_SEG_0036,36,SynII_loxPsym_35,SynII_loxPsym_36,103341.0,106922.0,resolved,S000000148;S000000149,SAS3;YBL053W,,
SynII,SynII_SEG_0037,37,SynII_loxPsym_36,SynII_loxPsym_37,106955.0,111338.0,resolved,S000000145;S000000146;S000000147,MOH1;PIN4;SEC17,S000000146,
SynII,SynII_SEG_0038,38,SynII_loxPsym_37,SynII_loxPsym_38,111371.0,112016.0,resolved,S000000144,RRT1,,
SynII,SynII_SEG_0039,39,SynII_loxPsym_38,SynII_loxPsym_39,112049.0,117911.0,resolved,S000000142;S000000143,EDE1;PSY4,,
SynII,SynII_SEG_0040,40,SynII_loxPsym_39,SynII_loxPsym_40,117944.0,118332.0,resolved,,,,
SynII,SynII_SEG_0041,41,SynII_loxPsym_40,SynII_loxPsym_41,118365.0,121691.0,resolved,S000000139;S000000140;S000000141,COR1;ECM13;YBL044W,,
SynII,SynII_SEG_0042,42,SynII_loxPsym_41,SynII_loxPsym_42,121724.0,122598.0,resolved,,,,
SynII,SynII_SEG_0043,43,SynII_loxPsym_42,SynII_loxPsym_43,122631.0,128183.0,resolved,S000000136;S000000137;S000000138;S000028517,ERD2;FUI1;PRE7;YBL039W-B,S000000136;S000000137,
SynII,SynII_SEG_0044,44,SynII_loxPsym_43,SynII_loxPsym_44,128216.0,131120.0,resolved,S000000134;S000000135;S000028814,MRPL16;URA7;YBL039C-A,,
SynII,SynII_SEG_0045,45,SynII_loxPsym_44,SynII_loxPsym_45,131153.0,134555.0,resolved,S000000133,APL3,,
SynII,SynII_SEG_0046,46,SynII_loxPsym_45,SynII_loxPsym_46,134588.0,134743.0,resolved,,,,
SynII,SynII_SEG_0047,47,SynII_loxPsym_46,SynII_loxPsym_47,134776.0,142986.0,resolved,S000000130;S000000131;S000000132,POL12;STU1;YBL036C,S000000130;S000000131,
SynII,SynII_SEG_0048,48,SynII_loxPsym_47,SynII_loxPsym_48,143019.0,145700.0,resolved,S000000128;S000000129,HEK2;RIB1,,
SynII,SynII_SEG_0049,49,SynII_loxPsym_48,SynII_loxPsym_49,145733.0,147120.0,resolved,S000000127,SHE1,,
SynII,SynII_SEG_0050,50,SynII_loxPsym_49,SynII_loxPsym_50,147153.0,151950.0,resolved,S000000125;S000000126;S000007591,PET9;YBL029C-A;YBL029W,S000000126,
SynII,SynII_SEG_0051,51,SynII_loxPsym_50,SynII_loxPsym_51,151983.0,153850.0,resolved,S000000123;S000000124,RPL19B;YBL028C,,
SynII,SynII_SEG_0052,52,SynII_loxPsym_51,SynII_loxPsym_52,153883.0,156298.0,resolved,S000000121;S000000122,LSM2;RRN10,S000000122,SynII_rep_origin_0092
SynII,SynII_SEG_0053,53,SynII_loxPsym_52,SynII_loxPsym_53,156331.0,159002.0,resolved,S000000120,NCL1,,
SynII,SynII_SEG_0054,54,SynII_loxPsym_53,SynII_loxPsym_54,159035.0,162315.0,resolved,S000000119,MCM2,,
SynII,SynII_SEG_0055,55,SynII_loxPsym_54,SynII_loxPsym_55,162348.0,166135.0,resolved,S000000118,PIM1,,
SynII,SynII_SEG_0056,56,SynII_loxPsym_55,SynII_loxPsym_56,166168.0,170431.0,resolved,S000000115;S000000116;S000000117,APN2;HAP3;RFT1,S000000116,
SynII,SynII_SEG_0057,57,SynII_loxPsym_56,SynII_loxPsym_57,170464.0,171312.0,resolved,S000000114,POP8,S000000114,
SynII,SynII_SEG_0058,58,SynII_loxPsym_57,SynII_loxPsym_58,171345.0,178021.0,resolved,S000000112;S000000113,FUS3;PEP1,,
SynII,SynII_SEG_0059,59,SynII_loxPsym_58,SynII_loxPsym_59,178054.0,180245.0,resolved,S000000111,ACH1,,
SynII,SynII_SEG_0060,60,SynII_loxPsym_59,SynII_loxPsym_60,180278.0,181531.0,resolved,,,,
SynII,SynII_SEG_0061,61,SynII_loxPsym_60,SynII_loxPsym_61,181564.0,186772.0,resolved,S000000109;S000000110,FMT1;RRN6,S000000110,SynII_rep_origin_0105
SynII,SynII_SEG_0062,62,SynII_loxPsym_61,SynII_loxPsym_62,186805.0,189362.0,resolved,S000000107;S000000108,SCT1;YBL012C,,
SynII,SynII_SEG_0063,63,SynII_loxPsym_62,SynII_loxPsym_63,189395.0,192803.0,resolved,S000000105;S000000106,ALK2;YBL010C,,
SynII,SynII_SEG_0064,64,SynII_loxPsym_63,SynII_loxPsym_64,192836.0,195788.0,resolved,S000000104;S000028529,HIR1;YBL008W-A,,
SynII,SynII_SEG_0065,65,SynII_loxPsym_64,SynII_loxPsym_65,195821.0,196272.0,resolved,,,,
SynII,SynII_SEG_0066,66,SynII_loxPsym_65,SynII_loxPsym_66,196305.0,200261.0,resolved,S000000103,SLA1,,
SynII,SynII_SEG_0067,67,SynII_loxPsym_66,SynII_loxPsym_67,200294.0,204115.0,resolved,S000000101;S000000102;S000028596,LDB7;PDR3;YBL006W-A,,
SynII,SynII_SEG_0068,68,SynII_loxPsym_67,SynII_loxPsym_68,204148.0,204640.0,resolved,,,,
SynII,SynII_SEG_0069,69,SynII_loxPsym_68,SynII_loxPsym_69,204673.0,212908.0,resolved,S000000100,UTP20,S000000100,
SynII,SynII_SEG_0070,70,SynII_loxPsym_69,SynII_loxPsym_70,212941.0,214442.0,resolved,S000000098;S000000099,HTA2;HTB2,,
SynII,SynII_SEG_0071,71,SynII_loxPsym_70,SynII_loxPsym_71,214475.0,214735.0,resolved,,,,
SynII,SynII_SEG_0072,72,SynII_loxPsym_71,SynII_loxPsym_72,214768.0,215629.0,resolved,,,,SynII_rep_origin_0121
SynII,SynII_SEG_0073,73,SynII_loxPsym_72,SynII_loxPsym_73,215662.0,216588.0,resolved,,,,SynII_centromere_0122
SynII,SynII_SEG_0074,74,SynII_loxPsym_73,SynII_loxPsym_74,216621.0,221918.0,resolved,S000000205;S000000206;S000000207,COQ1;NTH2;RER2,,
SynII,SynII_SEG_0075,75,SynII_loxPsym_74,SynII_loxPsym_75,221951.0,226225.0,resolved,S000000208;S000000209;S000000210,GPI18;RCR1;UGA2,S000000208,
SynII,SynII_SEG_0076,76,SynII_loxPsym_75,SynII_loxPsym_76,226258.0,230312.0,resolved,S000000211,DSF2,,
SynII,SynII_SEG_0077,77,SynII_loxPsym_76,SynII_loxPsym_77,230345.0,234531.0,resolved,S000000212;S000000213;S000000214,FLR1;HHF1;HHT1,,SynII_rep_origin_0131
SynII,SynII_SEG_0078,78,SynII_loxPsym_77,SynII_loxPsym_78,234564.0,236490.0,resolved,S000000215,IPP1,S000000215,
SynII,SynII_SEG_0079,79,SynII_loxPsym_78,SynII_loxPsym_79,236523.0,236795.0,resolved,,,,
SynII,SynII_SEG_0080,80,SynII_loxPsym_79,SynII_loxPsym_80,236828.0,237814.0,resolved,S000000218,GRX7,,
SynII,SynII_SEG_0081,81,SynII_loxPsym_80,SynII_loxPsym_81,237847.0,240778.0,resolved,S000000219;S000000220,MNN2;YBR016W,,
SynII,SynII_SEG_0082,82,SynII_loxPsym_81,SynII_loxPsym_82,240811.0,241119.0,resolved,,,,
SynII,SynII_SEG_0083,83,SynII_loxPsym_82,SynII_loxPsym_83,241152.0,244630.0,resolved,S000000221,KAP104,,
SynII,SynII_SEG_0084,84,SynII_loxPsym_83,SynII_loxPsym_84,244663.0,246490.0,resolved,S000000222,GAL7,,
SynII,SynII_SEG_0085,85,SynII_loxPsym_84,SynII_loxPsym_85,246523.0,250885.0,resolved,S000000223;S000000224,GAL1;GAL10,,
SynII,SynII_SEG_0086,86,SynII_loxPsym_85,SynII_loxPsym_86,250918.0,253656.0,resolved,S000000225,FUR4,,
SynII,SynII_SEG_0087,87,SynII_loxPsym_86,SynII_loxPsym_87,253689.0,254617.0,resolved,S000000226,POA1,,
SynII,SynII_SEG_0088,88,SynII_loxPsym_87,SynII_loxPsym_88,254650.0,254801.0,resolved,,,,
SynII,SynII_SEG_0089,89,SynII_loxPsym_88,SynII_loxPsym_89,254834.0,260764.0,resolved,S000000227;S000000228,CHS3;SCO2,,
SynII,SynII_SEG_0090,90,SynII_loxPsym_89,SynII_loxPsym_90,260797.0,261122.0,resolved,,,,
SynII,SynII_SEG_0091,91,SynII_loxPsym_90,SynII_loxPsym_91,261155.0,263352.0,resolved,S000000229,OLA1,,
SynII,SynII_SEG_0092,92,SynII_loxPsym_91,SynII_loxPsym_92,263385.0,264934.0,resolved,S000000230;S000000231,ETR1;YBR027C,,
SynII,SynII_SEG_0093,93,SynII_loxPsym_92,SynII_loxPsym_93,264967.0,270500.0,resolved,S000000232;S000000233;S000000234,CDS1;RKM3;YPK3,S000000233,
SynII,SynII_SEG_0094,94,SynII_loxPsym_93,SynII_loxPsym_94,270533.0,271838.0,resolved,S000000235,RPL4A,,
SynII,SynII_SEG_0095,95,SynII_loxPsym_94,SynII_loxPsym_95,271871.0,275541.0,resolved,S000000236;S000000237,EDS1;YBR032W,,
SynII,SynII_SEG_0096,96,SynII_loxPsym_95,SynII_loxPsym_96,275574.0,276914.0,resolved,S000000238,HMT1,,
SynII,SynII_SEG_0097,97,SynII_loxPsym_96,SynII_loxPsym_97,276947.0,279760.0,resolved,S000000239,PDX3,,
SynII,SynII_SEG_0098,98,SynII_loxPsym_97,SynII_loxPsym_98,279793.0,281278.0,resolved,S000000240,CSG2,,
SynII,SynII_SEG_0099,99,SynII_loxPsym_98,SynII_loxPsym_99,281311.0,287264.0,resolved,S000000241;S000000242;S000000243,ATP3;CHS2;SCO1,S000000242,
SynII,SynII_SEG_0100,100,SynII_loxPsym_99,SynII_loxPsym_100,287297.0,288652.0,resolved,S000000244,FIG1,,
SynII,SynII_SEG_0101,101,SynII_loxPsym_100,SynII_loxPsym_101,288685.0,291097.0,resolved,S000000245,FAT1,,
SynII,SynII_SEG_0102,102,SynII_loxPsym_101,SynII_loxPsym_102,291130.0,291265.0,resolved,,,,
SynII,SynII_SEG_0103,103,SynII_loxPsym_102,SynII_loxPsym_103,291298.0,292759.0,resolved,S000000246,CST26,,
SynII,SynII_SEG_0104,104,SynII_loxPsym_103,SynII_loxPsym_104,292792.0,295258.0,resolved,S000000247,QDR3,,
SynII,SynII_SEG_0105,105,SynII_loxPsym_104,SynII_loxPsym_105,295291.0,297746.0,resolved,S000000248,TCM62,,SynII_rep_origin_0166
SynII,SynII_SEG_0106,106,SynII_loxPsym_105,SynII_loxPsym_106,297779.0,298245.0,resolved,,,,
SynII,SynII_SEG_0107,107,SynII_loxPsym_106,SynII_loxPsym_107,298278.0,300613.0,resolved,S000000249,GIP1,,
SynII,SynII_SEG_0108,108,SynII_loxPsym_107,SynII_loxPsym_108,300646.0,303959.0,resolved,S000000250;S000000251;S000000252,FMP23;RPS11B;ZTA1,,
SynII,SynII_SEG_0109,109,SynII_loxPsym_108,SynII_loxPsym_109,303992.0,307357.0,resolved,S000000253,REB1,S000000253,
SynII,SynII_SEG_0110,110,SynII_loxPsym_109,SynII_loxPsym_110,307390.0,308928.0,resolved,S000000254;S000000255,REG2;YBR051W,,
SynII,SynII_SEG_0111,111,SynII_loxPsym_110,SynII_loxPsym_111,308961.0,314384.0,resolved,S000000256;S000000257;S000000258,RFS1;YBR053C;YRO2,,
SynII,SynII_SEG_0112,112,SynII_loxPsym_111,SynII_loxPsym_112,314417.0,317882.0,resolved,S000000259,PRP6,S000000259,
SynII,SynII_SEG_0113,113,SynII_loxPsym_112,SynII_loxPsym_113,317915.0,320688.0,resolved,S000000260,YBR056W,,
SynII,SynII_SEG_0114,114,SynII_loxPsym_113,SynII_loxPsym_114,320721.0,322013.0,resolved,S000028736;S000087087,YBR056C-B;YBR056W-A,,
SynII,SynII_SEG_0115,115,SynII_loxPsym_114,SynII_loxPsym_115,322046.0,323526.0,resolved,S000000261,MUM2,,
SynII,SynII_SEG_0116,116,SynII_loxPsym_115,SynII_loxPsym_116,323559.0,326212.0,resolved,S000000262,UBP14,,
SynII,SynII_SEG_0117,117,SynII_loxPsym_116,SynII_loxPsym_117,326245.0,326783.0,resolved,S000007521,TSC3,,
SynII,SynII_SEG_0118,118,SynII_loxPsym_117,SynII_loxPsym_118,326816.0,334743.0,resolved,S000000263;S000000264,AKL1;ORC2,,
SynII,SynII_SEG_0119,119,SynII_loxPsym_118,SynII_loxPsym_119,334776.0,338492.0,resolved,S000000265;S000000266;S000000267;S000000268,TRM7;YBR062C;YBR063C;YBR064W,,
SynII,SynII_SEG_0120,120,SynII_loxPsym_119,SynII_loxPsym_120,338525.0,339979.0,resolved,S000000269,ECM2,,
SynII,SynII_SEG_0121,121,SynII_loxPsym_120,SynII_loxPsym_121,340012.0,342079.0,resolved,S000000270,NRG2,,
SynII,SynII_SEG_0122,122,SynII_loxPsym_121,SynII_loxPsym_122,342112.0,343871.0,resolved,S000000271,TIP1,,
SynII,SynII_SEG_0123,123,SynII_loxPsym_122,SynII_loxPsym_123,343904.0,346618.0,resolved,S000000272,BAP2,,
SynII,SynII_SEG_0124,124,SynII_loxPsym_123,SynII_loxPsym_124,346651.0,351131.0,resolved,S000000273;S000000274;S000000275,ALG14;TAT1;YBR071W,S000000274,SynII_rep_origin_0196
SynII,SynII_SEG_0125,125,SynII_loxPsym_124,SynII_loxPsym_125,351164.0,352793.0,resolved,S000000276,HSP26,,
SynII,SynII_SEG_0126,126,SynII_loxPsym_125,SynII_loxPsym_126,352826.0,356141.0,resolved,S000000277;S000028532,RDH54;YBR072C-A,,
SynII,SynII_SEG_0127,127,SynII_loxPsym_126,SynII_loxPsym_127,356174.0,361478.0,resolved,S000000278;S000000280,ECM8;YBR074W,,SynII_rep_origin_0202
SynII,SynII_SEG_0128,128,SynII_loxPsym_127,SynII_loxPsym_128,361511.0,362019.0,resolved,S000028533,YBR076C-A,,
SynII,SynII_SEG_0129,129,SynII_loxPsym_128,SynII_loxPsym_129,362052.0,364667.0,resolved,S000000281;S000000282,ECM33;SLM4,,
SynII,SynII_SEG_0130,130,SynII_loxPsym_129,SynII_loxPsym_130,364700.0,371205.0,resolved,S000000283;S000000284,RPG1;SEC18,S000000283;S000000284,
SynII,SynII_SEG_0131,131,SynII_loxPsym_130,SynII_loxPsym_131,371238.0,375867.0,resolved,S000000285,SPT7,,
SynII,SynII_SEG_0132,132,SynII_loxPsym_131,SynII_loxPsym_132,375900.0,376494.0,resolved,,,,
SynII,SynII_SEG_0133,133,SynII_loxPsym_132,SynII_loxPsym_133,376527.0,380441.0,resolved,S000000286;S000000287,TEC1;UBC4,,SynII_rep_origin_0211
SynII,SynII_SEG_0134,134,SynII_loxPsym_133,SynII_loxPsym_134,380474.0,383827.0,resolved,S000000288,MIS1,,
SynII,SynII_SEG_0135,135,SynII_loxPsym_134,SynII_loxPsym_135,383860.0,384059.0,resolved,,,,
SynII,SynII_SEG_0136,136,SynII_loxPsym_135,SynII_loxPsym_136,384092.0,386314.0,resolved,S000000289;S000002156,AAC3;RPL19A,,
SynII,SynII_SEG_0137,137,SynII_loxPsym_136,SynII_loxPsym_137,386347.0,389636.0,resolved,S000007522,YBR085C-A,,SynII_rep_origin_0216
SynII,SynII_SEG_0138,138,SynII_loxPsym_137,SynII_loxPsym_138,389669.0,395659.0,resolved,S000000290;S000000291;S000000292;S000000293,IST2;POL30;RFC5;YBR089W,S000000291;S000000292;S000000293,
SynII,SynII_SEG_0139,139,SynII_loxPsym_138,SynII_loxPsym_139,395692.0,396844.0,resolved,S000000294;S000000295;S000002157,NHP6B;TIM12;YBR090C,S000000295,
SynII,SynII_SEG_0140,140,SynII_loxPsym_139,SynII_loxPsym_140,396877.0,398728.0,resolved,S000000296,PHO3,,
SynII,SynII_SEG_0141,141,SynII_loxPsym_140,SynII_loxPsym_141,398761.0,403518.0,resolved,S000000297;S000000298,PBY1;PHO5,,
SynII,SynII_SEG_0142,142,SynII_loxPsym_141,SynII_loxPsym_142,403551.0,403654.0,resolved,,,,
SynII,SynII_SEG_0143,143,SynII_loxPsym_142,SynII_loxPsym_143,403687.0,410604.0,resolved,S000000299;S000000300;S000000301,RXT2;VPS15;YBR096W,,
SynII,SynII_SEG_0144,144,SynII_loxPsym_143,SynII_loxPsym_144,410637.0,412913.0,resolved,S000000302;S000000303,MMS4;YBR099C,,
SynII,SynII_SEG_0145,145,SynII_loxPsym_144,SynII_loxPsym_145,412946.0,413171.0,resolved,,,,
SynII,SynII_SEG_0146,146,SynII_loxPsym_145,SynII_loxPsym_146,413204.0,420047.0,resolved,S000000305;S000000306;S000000307;S000000308;S000007593,EXO84;FES1;SIF2;YBR103C-A;YMC2,S000000306,
SynII,SynII_SEG_0147,147,SynII_loxPsym_146,SynII_loxPsym_147,420080.0,420299.0,resolved,,,,
SynII,SynII_SEG_0148,148,SynII_loxPsym_147,SynII_loxPsym_148,420332.0,422683.0,resolved,S000000309;S000000310,PHO88;VID24,,
SynII,SynII_SEG_0149,149,SynII_loxPsym_148,SynII_loxPsym_149,422716.0,423279.0,resolved,,,,
SynII,SynII_SEG_0150,150,SynII_loxPsym_149,SynII_loxPsym_150,423312.0,427192.0,resolved,S000000311;S000000312,AIM3;IML3,,
SynII,SynII_SEG_0151,151,SynII_loxPsym_150,SynII_loxPsym_151,427225.0,430732.0,resolved,S000000313;S000000314;S000028737,ALG1;CMD1;YBR109W-A,S000000313;S000000314,
SynII,SynII_SEG_0152,152,SynII_loxPsym_151,SynII_loxPsym_152,430765.0,432024.0,resolved,S000000315;S000028510,SUS1;YSA1,,
SynII,SynII_SEG_0153,153,SynII_loxPsym_152,SynII_loxPsym_153,432057.0,432342.0,resolved,,,,
SynII,SynII_SEG_0154,154,SynII_loxPsym_153,SynII_loxPsym_154,432375.0,439133.0,resolved,S000000316;S000000317;S000000318,CYC8;RAD16;YBR113W,,
SynII,SynII_SEG_0155,155,SynII_loxPsym_154,SynII_loxPsym_155,439166.0,439288.0,resolved,,,,
SynII,SynII_SEG_0156,156,SynII_loxPsym_155,SynII_loxPsym_156,439321.0,448628.0,resolved,S000000319;S000000320;S000000321;S000000322,LYS2;TEF2;TKL2;YBR116C,,
SynII,SynII_SEG_0157,157,SynII_loxPsym_156,SynII_loxPsym_157,448661.0,449849.0,resolved,,,,
SynII,SynII_SEG_0158,158,SynII_loxPsym_157,SynII_loxPsym_158,449882.0,449988.0,resolved,,,,
SynII,SynII_SEG_0159,159,SynII_loxPsym_158,SynII_loxPsym_159,450021.0,453557.0,resolved,S000000324;S000000325;S000028815,CBP6;GRS1;YBR121C-A,S000000325,
SynII,SynII_SEG_0160,160,SynII_loxPsym_159,SynII_loxPsym_160,453590.0,456820.0,resolved,S000000326;S000000327;S000000328,MRPL36;TFC1;YBR124W,S000000328,SynII_rep_origin_0261
SynII,SynII_SEG_0161,161,SynII_loxPsym_160,SynII_loxPsym_161,456853.0,458560.0,resolved,S000000329,PTC4,,
SynII,SynII_SEG_0162,162,SynII_loxPsym_161,SynII_loxPsym_162,458593.0,460958.0,resolved,S000000330;S000028600;S000028738,TPS1;YBR126W-A;YBR126W-B,,
SynII,SynII_SEG_0163,163,SynII_loxPsym_162,SynII_loxPsym_163,460991.0,462804.0,resolved,S000000331,VMA2,,
SynII,SynII_SEG_0164,164,SynII_loxPsym_163,SynII_loxPsym_164,462837.0,464110.0,resolved,S000000332,ATG14,,
SynII,SynII_SEG_0165,165,SynII_loxPsym_164,SynII_loxPsym_165,464143.0,465383.0,resolved,S000000333,OPY1,,
SynII,SynII_SEG_0166,166,SynII_loxPsym_165,SynII_loxPsym_166,465416.0,469109.0,resolved,S000000334;S000000335;S000028601,CCZ1;SHE3;YBR131C-A,,
SynII,SynII_SEG_0167,167,SynII_loxPsym_166,SynII_loxPsym_167,469142.0,469511.0,resolved,,,,
SynII,SynII_SEG_0168,168,SynII_loxPsym_167,SynII_loxPsym_168,469544.0,471697.0,resolved,S000000336,AGP2,,
SynII,SynII_SEG_0169,169,SynII_loxPsym_168,SynII_loxPsym_169,471730.0,483517.0,resolved,S000000337;S000000338;S000000339;S000000340;S000000341,CKS1;HSL7;MEC1;YBR134W;YBR137W,S000000340,
SynII,SynII_SEG_0170,170,SynII_loxPsym_169,SynII_loxPsym_170,483550.0,487158.0,resolved,S000000342;S000000343,YBR138C;YBR139W,,
SynII,SynII_SEG_0171,171,SynII_loxPsym_170,SynII_loxPsym_171,487191.0,504819.0,resolved,S000000344;S000000345;S000000346;S000000347;S000000348;S000000349;S000028602,ADH5;IRA1;MAK5;SUP45;YBR141C;YBR141W-A;YBR144C,S000000344;S000000346;S000000347,
SynII,SynII_SEG_0172,172,SynII_loxPsym_171,SynII_loxPsym_172,504852.0,506132.0,resolved,S000000350,MRPS9,,
SynII,SynII_SEG_0173,173,SynII_loxPsym_172,SynII_loxPsym_173,506165.0,507535.0,resolved,S000000351,RTC2,,
SynII,SynII_SEG_0174,174,SynII_loxPsym_173,SynII_loxPsym_174,507568.0,509809.0,resolved,S000000352,YSW1,,
SynII,SynII_SEG_0175,175,SynII_loxPsym_174,SynII_loxPsym_175,509842.0,511159.0,resolved,S000000353,ARA1,,
SynII,SynII_SEG_0176,176,SynII_loxPsym_175,SynII_loxPsym_176,511192.0,511374.0,resolved,,,,
SynII,SynII_SEG_0177,177,SynII_loxPsym_176,SynII_loxPsym_177,511407.0,516184.0,resolved,S000000354;S000000355,APD1;TBS1,,
SynII,SynII_SEG_0178,178,SynII_loxPsym_177,SynII_loxPsym_178,516217.0,521337.0,resolved,S000000356;S000000357;S000000358;S000000359,CNS1;RIB7;RPB5;SPP381,S000000356;S000000357;S000000358;S000000359,
SynII,SynII_SEG_0179,179,SynII_loxPsym_178,SynII_loxPsym_179,521370.0,523810.0,resolved,S000000360,SLI15,,
SynII,SynII_SEG_0180,180,SynII_loxPsym_179,SynII_loxPsym_180,523843.0,528506.0,resolved,S000000361;S000000362,AMN1;ICS2,,
SynII,SynII_SEG_0181,181,SynII_loxPsym_180,SynII_loxPsym_181,528539.0,530070.0,resolved,S000000363,IFA38,,
SynII,SynII_SEG_0182,182,SynII_loxPsym_181,SynII_loxPsym_182,530103.0,533140.0,resolved,S000000364;S000000365,CDC28;CSH1,,
SynII,SynII_SEG_0183,183,SynII_loxPsym_182,SynII_loxPsym_183,533173.0,533606.0,resolved,,,,
SynII,SynII_SEG_0184,184,SynII_loxPsym_183,SynII_loxPsym_184,533639.0,535872.0,resolved,S000000366;S000002158,TOS1;YSY6,,
SynII,SynII_SEG_0185,185,SynII_loxPsym_184,SynII_loxPsym_185,535905.0,537958.0,resolved,S000000367,EXO5,,
SynII,SynII_SEG_0186,186,SynII_loxPsym_185,SynII_loxPsym_186,537991.0,538380.0,resolved,,,,
SynII,SynII_SEG_0187,187,SynII_loxPsym_186,SynII_loxPsym_187,538413.0,540231.0,resolved,S000000368;S000000369,ARL1;UBS1,,
SynII,SynII_SEG_0188,188,SynII_loxPsym_187,SynII_loxPsym_188,540264.0,540415.0,resolved,,,,
SynII,SynII_SEG_0189,189,SynII_loxPsym_188,SynII_loxPsym_189,540448.0,544226.0,resolved,S000000370;S000000371;S000000372,PEX32;POP7;TYR1,S000000371,
SynII,SynII_SEG_0190,190,SynII_loxPsym_189,SynII_loxPsym_190,544259.0,544556.0,resolved,,,,
SynII,SynII_SEG_0191,191,SynII_loxPsym_190,SynII_loxPsym_191,544589.0,547019.0,resolved,S000000373,SSE2,,
SynII,SynII_SEG_0192,192,SynII_loxPsym_191,SynII_loxPsym_192,547052.0,549700.0,resolved,S000000374;S000000375,NPL4;SEC66,,
SynII,SynII_SEG_0193,193,SynII_loxPsym_192,SynII_loxPsym_193,549733.0,549893.0,resolved,,,,
SynII,SynII_SEG_0194,194,SynII_loxPsym_193,SynII_loxPsym_194,549926.0,552503.0,resolved,S000000376,SMY2,,
SynII,SynII_SEG_0195,195,SynII_loxPsym_194,SynII_loxPsym_195,552536.0,554173.0,resolved,S000000377;S000000378;S000000379,SWD3;UMP1;YBR174C,,
SynII,SynII_SEG_0196,196,SynII_loxPsym_195,SynII_loxPsym_196,554206.0,555510.0,resolved,S000000380,ECM31,,
SynII,SynII_SEG_0197,197,SynII_loxPsym_196,SynII_loxPsym_197,555543.0,555686.0,resolved,,,,
SynII,SynII_SEG_0198,198,SynII_loxPsym_197,SynII_loxPsym_198,555719.0,557460.0,resolved,S000000381;S000000382,EHT1;YBR178W,,
SynII,SynII_SEG_0199,199,SynII_loxPsym_198,SynII_loxPsym_199,557493.0,562413.0,resolved,S000000383;S000000384,DTR1;FZO1,,
SynII,SynII_SEG_0200,200,SynII_loxPsym_199,SynII_loxPsym_200,562446.0,562693.0,resolved,,,,
SynII,SynII_SEG_0201,201,SynII_loxPsym_200,SynII_loxPsym_201,562726.0,564521.0,resolved,S000000385,RPS6B,,
SynII,SynII_SEG_0202,202,SynII_loxPsym_201,SynII_loxPsym_202,564554.0,568121.0,resolved,S000000386;S000000387;S000028603,SMP1;YBR182C-A;YPC1,,
SynII,SynII_SEG_0203,203,SynII_loxPsym_202,SynII_loxPsym_203,568154.0,570206.0,resolved,S000000388,YBR184W,,
SynII,SynII_SEG_0204,204,SynII_loxPsym_203,SynII_loxPsym_204,570239.0,573371.0,resolved,S000000389;S000000390,MBA1;PCH2,,
SynII,SynII_SEG_0205,205,SynII_loxPsym_204,SynII_loxPsym_205,573404.0,574723.0,resolved,S000000391,GDT1,,
SynII,SynII_SEG_0206,206,SynII_loxPsym_205,SynII_loxPsym_206,574756.0,576587.0,resolved,S000000392;S000000393,NTC20;RPS9B,,
SynII,SynII_SEG_0207,207,SynII_loxPsym_206,SynII_loxPsym_207,576620.0,578253.0,resolved,S000000394;S000000395,RPL21A;YBR190W,S000000394,
SynII,SynII_SEG_0208,208,SynII_loxPsym_207,SynII_loxPsym_208,578286.0,581556.0,resolved,S000000396;S000000397;S000000398;S000007594,AIM4;MED8;RIM2;YBR191W-A,S000000396;S000000397,
SynII,SynII_SEG_0209,209,SynII_loxPsym_208,SynII_loxPsym_209,581589.0,581788.0,resolved,,,,
SynII,SynII_SEG_0210,210,SynII_loxPsym_209,SynII_loxPsym_210,581821.0,591518.0,resolved,S000000399;S000000400;S000000401;S000000402;S000000403;S000028534;S000028816,KTR4;MSI1;PGI1;TAF5;YBR196C-A;YBR196C-B;YBR197C,S000000400;S000000402,
SynII,SynII_SEG_0211,211,SynII_loxPsym_210,SynII_loxPsym_211,591551.0,593776.0,resolved,S000000404,BEM1,,
SynII,SynII_SEG_0212,212,SynII_loxPsym_211,SynII_loxPsym_212,593809.0,595494.0,resolved,S000000405;S000028535,DER1;YBR200W-A,,SynII_rep_origin_0347
SynII,SynII_SEG_0213,213,SynII_loxPsym_212,SynII_loxPsym_213,595527.0,607860.0,resolved,S000000406;S000000407;S000000408;S000000409;S000000410;S000000411;S000087085,COS111;FTH1;KTR3;LDH1;MCM7;YBR201C-A;YBR206W,,SynII_rep_origin_0353
SynII,SynII_SEG_0214,214,SynII_loxPsym_213,SynII_loxPsym_214,607893.0,608047.0,resolved,,,,
SynII,SynII_SEG_0215,215,SynII_loxPsym_214,SynII_loxPsym_215,608080.0,614388.0,resolved,S000000412;S000000413,2;YBR209W,,
SynII,SynII_SEG_0216,216,SynII_loxPsym_215,SynII_loxPsym_216,614421.0,615165.0,resolved,S000000414,ERV15,,
SynII,SynII_SEG_0217,217,SynII_loxPsym_216,SynII_loxPsym_217,615198.0,619125.0,resolved,S000000415;S000000416,AME1;NGR1,S000000415,
SynII,SynII_SEG_0218,218,SynII_loxPsym_217,SynII_loxPsym_218,619158.0,620447.0,resolved,S000000417,MET8,,
SynII,SynII_SEG_0219,219,SynII_loxPsym_218,SynII_loxPsym_219,620480.0,622287.0,resolved,S000000418,SDS24,,
SynII,SynII_SEG_0220,220,SynII_loxPsym_219,SynII_loxPsym_220,622320.0,624556.0,resolved,S000000419,HPC2,,
SynII,SynII_SEG_0221,221,SynII_loxPsym_220,SynII_loxPsym_221,624589.0,624842.0,resolved,,,,
SynII,SynII_SEG_0222,222,SynII_loxPsym_221,SynII_loxPsym_222,624875.0,627699.0,resolved,S000000420;S000000421,ATG12;YBP1,,
SynII,SynII_SEG_0223,223,SynII_loxPsym_222,SynII_loxPsym_223,627732.0,628041.0,resolved,,,,
SynII,SynII_SEG_0224,224,SynII_loxPsym_223,SynII_loxPsym_224,628074.0,634100.0,resolved,S000000422;S000000423,PYC2;YBR219C,,
SynII,SynII_SEG_0225,225,SynII_loxPsym_224,SynII_loxPsym_225,634133.0,635701.0,resolved,S000000425;S000028817,PDB1;YBR221W-A,,
SynII,SynII_SEG_0226,226,SynII_loxPsym_225,SynII_loxPsym_226,635734.0,637678.0,resolved,S000000426,PCS60,,
SynII,SynII_SEG_0227,227,SynII_loxPsym_226,SynII_loxPsym_227,637711.0,642621.0,resolved,S000000427;S000000428;S000000429;S000000430;S000028604,TDP1;YBR223W-A;YBR224W;YBR225W;YBR226C,,
SynII,SynII_SEG_0228,228,SynII_loxPsym_227,SynII_loxPsym_228,642654.0,645317.0,resolved,S000000431;S000000432,MCX1;SLX1,,
SynII,SynII_SEG_0229,229,SynII_loxPsym_228,SynII_loxPsym_229,645350.0,645474.0,resolved,,,,
SynII,SynII_SEG_0230,230,SynII_loxPsym_229,SynII_loxPsym_230,645507.0,648700.0,resolved,S000000433,ROT2,,
SynII,SynII_SEG_0231,231,SynII_loxPsym_230,SynII_loxPsym_231,648733.0,651267.0,resolved,S000000434,OM14,,
SynII,SynII_SEG_0232,232,SynII_loxPsym_231,SynII_loxPsym_232,651300.0,653798.0,resolved,S000000435;S000000436;S000000437,PBP2;SWC5;YBR232C,,
SynII,SynII_SEG_0233,233,SynII_loxPsym_232,SynII_loxPsym_233,653831.0,654424.0,resolved,S000007595,DAD3,S000007595,
SynII,SynII_SEG_0234,234,SynII_loxPsym_233,SynII_loxPsym_234,654457.0,664297.0,resolved,S000000438;S000000439;S000000440;S000000441,ABD1;ARC40;PRP5;YBR235W,S000000440;S000000441,
SynII,SynII_SEG_0235,235,SynII_loxPsym_234,SynII_loxPsym_235,664330.0,669714.0,resolved,S000000442;S000000443,ERT1;YBR238C,,
SynII,SynII_SEG_0236,236,SynII_loxPsym_235,SynII_loxPsym_236,669747.0,677281.0,resolved,S000000444;S000000445;S000000446;S000000447;S000000448,ALG7;GPX2;THI2;YBR241C;YBR242W,S000000447,SynII_rep_origin_0395
SynII,SynII_SEG_0237,237,SynII_loxPsym_236,SynII_loxPsym_237,677314.0,677442.0,resolved,,,,
SynII,SynII_SEG_0238,238,SynII_loxPsym_237,SynII_loxPsym_238,677475.0,682087.0,resolved,S000000449;S000000450,ISW1;RRT2,,
SynII,SynII_SEG_0239,239,SynII_loxPsym_238,SynII_loxPsym_239,682120.0,684167.0,resolved,S000000451,ENP1,S000000451,
SynII,SynII_SEG_0240,240,SynII_loxPsym_239,SynII_loxPsym_240,684200.0,686276.0,resolved,S000000452,HIS7,,
SynII,SynII_SEG_0241,241,SynII_loxPsym_240,SynII_loxPsym_241,686309.0,690039.0,resolved,S000000453;S000000454,ARO4;SPO23,,
SynII,SynII_SEG_0242,242,SynII_loxPsym_241,SynII_loxPsym_242,690072.0,691782.0,resolved,S000000455,MRPS5,,
SynII,SynII_SEG_0243,243,SynII_loxPsym_242,SynII_loxPsym_243,691815.0,696043.0,resolved,S000000456;S000000457;S000000458;S000000459,DUT1;MTC4;SRB6;TRS20,S000000457;S000000458,
SynII,SynII_SEG_0244,244,SynII_loxPsym_243,SynII_loxPsym_244,696076.0,699170.0,resolved,S000000460;S000000461;S000007649,POP4;RIB5;YBR255C-A,S000000460;S000000461,
SynII,SynII_SEG_0245,245,SynII_loxPsym_244,SynII_loxPsym_245,699203.0,702109.0,resolved,S000000462;S000000463,SHG1;YBR259W,,
SynII,SynII_SEG_0246,246,SynII_loxPsym_245,SynII_loxPsym_246,702142.0,704336.0,resolved,S000000464,RGD1,,
SynII,SynII_SEG_0247,247,SynII_loxPsym_246,SynII_loxPsym_247,704369.0,705258.0,resolved,S000000465,TAE1,,
SynII,SynII_SEG_0248,248,SynII_loxPsym_247,SynII_loxPsym_248,705291.0,707315.0,resolved,S000000466;S000000467,AIM5;SHM1,,
SynII,SynII_SEG_0249,249,SynII_loxPsym_248,SynII_loxPsym_249,707348.0,707376.0,resolved,,,,
SynII,SynII_SEG_0250,250,SynII_loxPsym_249,SynII_loxPsym_250,707409.0,710669.0,resolved,S000000468;S000000469;S000000470;S000000471,REI1;SLM6;TSC10;YPT10,S000000469,
SynII,SynII_SEG_0251,251,SynII_loxPsym_250,SynII_loxPsym_251,710702.0,716035.0,resolved,S000000472;S000000473;S000000474;S000000475,BIT2;FMP21;MRPL37;YBR271W,,SynII_rep_origin_0424
SynII,SynII_SEG_0252,252,SynII_loxPsym_251,SynII_loxPsym_252,716068.0,717769.0,resolved,S000000476,HSM3,,
SynII,SynII_SEG_0253,253,SynII_loxPsym_252,SynII_loxPsym_253,717802.0,720926.0,resolved,S000000477;S000000478,CHK1;UBX7,,
SynII,SynII_SEG_0254,254,SynII_loxPsym_253,SynII_loxPsym_254,720959.0,721132.0,resolved,,,,
SynII,SynII_SEG_0255,255,SynII_loxPsym_254,SynII_loxPsym_255,721165.0,730716.0,resolved,S000000479;S000000480;S000000481;S000000482,DPB3;PPS1;RIF1;YBR277C,,SynII_rep_origin_0432
SynII,SynII_SEG_0256,256,SynII_loxPsym_255,SynII_loxPsym_256,730749.0,732445.0,resolved,S000000483,PAF1,,
SynII,SynII_SEG_0257,257,SynII_loxPsym_256,SynII_loxPsym_257,732478.0,732662.0,resolved,,,,
SynII,SynII_SEG_0258,258,SynII_loxPsym_257,SynII_loxPsym_258,732695.0,734882.0,resolved,S000000484,SAF1,,
SynII,SynII_SEG_0259,259,SynII_loxPsym_258,SynII_loxPsym_259,734915.0,738633.0,resolved,S000000485;S000000486,DUG2;MRPL27,,
SynII,SynII_SEG_0260,260,SynII_loxPsym_259,SynII_loxPsym_260,738666.0,738923.0,resolved,,,,
SynII,SynII_SEG_0261,261,SynII_loxPsym_260,SynII_loxPsym_261,738956.0,746334.0,resolved,S000000487;S000000488;S000000489;S000000490,APE3;SSH1;YBR284W;YBR285W,,
SynII,SynII_SEG_0262,262,SynII_loxPsym_261,SynII_loxPsym_262,746367.0,748059.0,resolved,S000000491,YBR287W,,
SynII,SynII_SEG_0263,263,SynII_loxPsym_262,SynII_loxPsym_263,748092.0,752472.0,resolved,S000000492;S000000493,APM3;SNF5,,
SynII,SynII_SEG_0264,264,SynII_loxPsym_263,SynII_loxPsym_264,752505.0,753678.0,resolved,S000000494,BSD2,,
SynII,SynII_SEG_0265,265,SynII_loxPsym_264,SynII_loxPsym_265,753711.0,753822.0,resolved,,,,
SynII,SynII_SEG_0266,266,SynII_loxPsym_265,SynII_loxPsym_266,753855.0,758620.0,resolved,S000000495;S000000496;S000000497,CTP1;VBA2;YBR292C,,
SynII,SynII_SEG_0267,267,SynII_loxPsym_266,SynII_loxPsym_267,758653.0,762038.0,resolved,S000000498,SUL1,,
SynII,SynII_SEG_0268,268,SynII_loxPsym_267,SynII_loxPsym_268,762071.0,766757.0,resolved,S000000499,PCA1,,SynII_rep_origin_0452
SynII,SynII_SEG_0269,269,SynII_loxPsym_268,SynII_loxPsym_269,766790.0,767083.0,resolved,,,,
SynII,SynII_SEG_0270,270,SynII_loxPsym_269,SynII_loxPsym_270,767116.0,769351.0,resolved,S000000500,PHO89,,
SynII,SynII_SEG_0271,271,SynII_loxPsym_270,SynII_loxPsym_271,769384.0,769394.0,resolved,,,,
SynII,SynII_SEG_0272,272,SynII_loxPsym_271,SynII_loxPsym_272,769427.0,769696.0,resolved,,,,SynII_telomere_0455
SynII,SynII_SEG_0273,273,SynII_loxPsym_272,TEL_RIGHT,769729.0,,partly_unresolved,,,,
SynIII,SynIII_SEG_0000,0,TEL_LEFT,SynIII_loxPsym_0,1.0,1.0,resolved,,,,
SynIII,SynIII_SEG_0001,1,SynIII_loxPsym_0,SynIII_loxPsym_1,34.0,3000.0,resolved,S000000575,YCL073C,,
SynIII,SynIII_SEG_0002,2,SynIII_loxPsym_1,SynIII_loxPsym_2,3033.0,5052.0,resolved,S000000574,YCL069W,,
SynIII,SynIII_SEG_0003,3,SynIII_loxPsym_2,SynIII_loxPsym_3,5085.0,5500.0,resolved,,,,
SynIII,SynIII_SEG_0004,4,SynIII_loxPsym_3,SynIII_loxPsym_4,5533.0,8632.0,resolved,S000000568;S000000569,YCL063W;YCL064C,,
SynIII,SynIII_SEG_0005,5,SynIII_loxPsym_4,SynIII_loxPsym_5,8665.0,8914.0,resolved,,,,
SynIII,SynIII_SEG_0006,6,SynIII_loxPsym_5,SynIII_loxPsym_6,8947.0,17045.0,resolved,S000000562;S000000563;S000000564;S000000566;S000007547;S000028518,YCL057C-A;YCL057W;YCL058C;YCL058W-A;YCL059C;YCL061C,S000000564,
SynIII,SynIII_SEG_0007,7,SynIII_loxPsym_6,SynIII_loxPsym_7,17078.0,19109.0,resolved,S000000560;S000000561,YCL055W;YCL056C,,
SynIII,SynIII_SEG_0008,8,SynIII_loxPsym_7,SynIII_loxPsym_8,19142.0,27823.0,resolved,S000000556;S000000557;S000000559,YCL051W;YCL052C;YCL054W,S000000557,
SynIII,SynIII_SEG_0009,9,SynIII_loxPsym_8,SynIII_loxPsym_9,27856.0,28070.0,resolved,,,,
SynIII,SynIII_SEG_0010,10,SynIII_loxPsym_9,SynIII_loxPsym_10,28103.0,33831.0,resolved,S000000553;S000000554;S000000555;S000087203,YCL048W;YCL048W-A;YCL049C;YCL050C,,
SynIII,SynIII_SEG_0011,11,SynIII_loxPsym_10,SynIII_loxPsym_11,33864.0,37413.0,resolved,S000000550;S000000551;S000000552,YCL045C;YCL046W;YCL047C,,
SynIII,SynIII_SEG_0012,12,SynIII_loxPsym_11,SynIII_loxPsym_12,37446.0,42683.0,resolved,S000000545;S000000546;S000000547;S000000548;S000000549,YCL040W;YCL041C;YCL042W;YCL043C;YCL044C,S000000546;S000000548,
SynIII,SynIII_SEG_0013,13,SynIII_loxPsym_12,SynIII_loxPsym_13,42716.0,45259.0,resolved,S000000544,YCL039W,,
SynIII,SynIII_SEG_0014,14,SynIII_loxPsym_13,SynIII_loxPsym_14,45292.0,45345.0,resolved,,,,
SynIII,SynIII_SEG_0015,15,SynIII_loxPsym_14,SynIII_loxPsym_15,45378.0,47812.0,resolved,S000000543,YCL038C,,
SynIII,SynIII_SEG_0016,16,SynIII_loxPsym_15,SynIII_loxPsym_16,47845.0,51313.0,resolved,S000000541;S000000542,YCL036W;YCL037C,,
SynIII,SynIII_SEG_0017,17,SynIII_loxPsym_16,SynIII_loxPsym_17,51346.0,53235.0,resolved,S000000539;S000000540,YCL034W;YCL035C,,
SynIII,SynIII_SEG_0018,18,SynIII_loxPsym_17,SynIII_loxPsym_18,53268.0,55028.0,resolved,S000000537;S000000538,YCL032W;YCL033C,,
SynIII,SynIII_SEG_0019,19,SynIII_loxPsym_18,SynIII_loxPsym_19,55061.0,56508.0,resolved,S000000536,YCL031C,S000000536,
SynIII,SynIII_SEG_0020,20,SynIII_loxPsym_19,SynIII_loxPsym_20,56541.0,59207.0,resolved,S000000535,YCL030C,,
SynIII,SynIII_SEG_0021,21,SynIII_loxPsym_20,SynIII_loxPsym_21,59240.0,62016.0,resolved,S000000533;S000000534,YCL028W;YCL029C,,
SynIII,SynIII_SEG_0022,22,SynIII_loxPsym_21,SynIII_loxPsym_22,62049.0,64024.0,resolved,S000000532,YCL027W,,
SynIII,SynIII_SEG_0023,23,SynIII_loxPsym_22,SynIII_loxPsym_23,64057.0,65414.0,resolved,S000007548,YCL026C-B,,
SynIII,SynIII_SEG_0024,24,SynIII_loxPsym_23,SynIII_loxPsym_24,65447.0,66762.0,resolved,S000000589,YCL026C-A,,
SynIII,SynIII_SEG_0025,25,SynIII_loxPsym_24,SynIII_loxPsym_25,66795.0,73063.0,resolved,S000000527;S000000528;S000000529;S000000530,YCL022C;YCL023C;YCL024W;YCL025C,,
SynIII,SynIII_SEG_0026,26,SynIII_loxPsym_25,SynIII_loxPsym_26,73096.0,73283.0,resolved,,,,
SynIII,SynIII_SEG_0027,27,SynIII_loxPsym_26,SynIII_loxPsym_27,73316.0,75513.0,resolved,S000000522,YCL017C,S000000522,
SynIII,SynIII_SEG_0028,28,SynIII_loxPsym_27,SynIII_loxPsym_28,75546.0,82124.0,resolved,S000000520;S000000521,YCL014W;YCL016C,,
SynIII,SynIII_SEG_0029,29,SynIII_loxPsym_28,SynIII_loxPsym_29,82157.0,82277.0,resolved,,,,
SynIII,SynIII_SEG_0030,30,SynIII_loxPsym_29,SynIII_loxPsym_30,82310.0,83002.0,resolved,S000029705,YCL012C,,
SynIII,SynIII_SEG_0031,31,SynIII_loxPsym_30,SynIII_loxPsym_31,83035.0,84532.0,resolved,S000000517,YCL011C,,
SynIII,SynIII_SEG_0032,32,SynIII_loxPsym_31,SynIII_loxPsym_32,84565.0,85614.0,resolved,S000000516,YCL010C,,
SynIII,SynIII_SEG_0033,33,SynIII_loxPsym_32,SynIII_loxPsym_33,85647.0,86725.0,resolved,S000000515,YCL009C,,
SynIII,SynIII_SEG_0034,34,SynIII_loxPsym_33,SynIII_loxPsym_34,86758.0,88314.0,resolved,S000000513;S000000514;S000028508,YCL005W-A;YCL007C;YCL008C,,
SynIII,SynIII_SEG_0035,35,SynIII_loxPsym_34,SynIII_loxPsym_35,88347.0,93335.0,resolved,S000000507;S000000508;S000000510;S000000511,YCL001W;YCL002C;YCL004W;YCL005W,S000000510,
SynIII,SynIII_SEG_0036,36,SynIII_loxPsym_35,SynIII_loxPsym_36,93368.0,95168.0,resolved,S000007221;S000007596,YCL001W-A;YCL001W-B,,
SynIII,SynIII_SEG_0037,37,SynIII_loxPsym_36,SynIII_loxPsym_37,95201.0,95517.0,resolved,,,,
SynIII,SynIII_SEG_0038,38,SynIII_loxPsym_37,SynIII_loxPsym_38,95550.0,98336.0,resolved,S000000594,YCR001W,,
SynIII,SynIII_SEG_0039,39,SynIII_loxPsym_38,SynIII_loxPsym_39,98369.0,100168.0,resolved,S000000595;S000000596,YCR002C;YCR003W,,
SynIII,SynIII_SEG_0040,40,SynIII_loxPsym_39,SynIII_loxPsym_40,100201.0,100599.0,resolved,,,,
SynIII,SynIII_SEG_0041,41,SynIII_loxPsym_40,SynIII_loxPsym_41,100632.0,102004.0,resolved,S000000597,YCR004C,,
SynIII,SynIII_SEG_0042,42,SynIII_loxPsym_41,SynIII_loxPsym_42,102037.0,104672.0,resolved,S000000598;S000000599,YCR005C;YCR006C,,
SynIII,SynIII_SEG_0043,43,SynIII_loxPsym_42,SynIII_loxPsym_43,104705.0,107956.0,resolved,S000000600,YCR007C,,
SynIII,SynIII_SEG_0044,44,SynIII_loxPsym_43,SynIII_loxPsym_44,107989.0,110485.0,resolved,S000000601,YCR008W,,
SynIII,SynIII_SEG_0045,45,SynIII_loxPsym_44,SynIII_loxPsym_45,110518.0,110976.0,resolved,,,,
SynIII,SynIII_SEG_0046,46,SynIII_loxPsym_45,SynIII_loxPsym_46,111009.0,113989.0,resolved,S000000602;S000000603,YCR009C;YCR010C,,
SynIII,SynIII_SEG_0047,47,SynIII_loxPsym_46,SynIII_loxPsym_47,114022.0,119484.0,resolved,S000000604;S000000605;S000000606,YCR011C;YCR012W;YCR013C,S000000605;S000000606,
SynIII,SynIII_SEG_0048,48,SynIII_loxPsym_47,SynIII_loxPsym_48,119517.0,123037.0,resolved,S000000607;S000000608,YCR014C;YCR015C,,
SynIII,SynIII_SEG_0049,49,SynIII_loxPsym_48,SynIII_loxPsym_49,123070.0,124760.0,resolved,S000000609,YCR016W,,
SynIII,SynIII_SEG_0050,50,SynIII_loxPsym_49,SynIII_loxPsym_50,124793.0,128259.0,resolved,S000000610,YCR017C,,
SynIII,SynIII_SEG_0051,51,SynIII_loxPsym_50,SynIII_loxPsym_51,128292.0,129540.0,resolved,S000000611,YCR018C,,
SynIII,SynIII_SEG_0052,52,SynIII_loxPsym_51,SynIII_loxPsym_52,129573.0,131654.0,resolved,S000000612;S000007230,YCR018C-A;YCR019W,,
SynIII,SynIII_SEG_0053,53,SynIII_loxPsym_52,SynIII_loxPsym_53,131687.0,131765.0,resolved,,,,
SynIII,SynIII_SEG_0054,54,SynIII_loxPsym_53,SynIII_loxPsym_54,131798.0,132617.0,resolved,S000000613,YCR020C,,
SynIII,SynIII_SEG_0055,55,SynIII_loxPsym_54,SynIII_loxPsym_55,132650.0,133384.0,resolved,S000000614;S000006439,YCR020C-A;YCR020W-B,,
SynIII,SynIII_SEG_0056,56,SynIII_loxPsym_55,SynIII_loxPsym_56,133417.0,133962.0,resolved,,,,
SynIII,SynIII_SEG_0057,57,SynIII_loxPsym_56,SynIII_loxPsym_57,133995.0,138631.0,resolved,S000000615;S000000616;S000000617,YCR021C;YCR022C;YCR023C,,
SynIII,SynIII_SEG_0058,58,SynIII_loxPsym_57,SynIII_loxPsym_58,138664.0,140866.0,resolved,S000000618;S000028818,YCR024C;YCR024C-B,,
SynIII,SynIII_SEG_0059,59,SynIII_loxPsym_58,SynIII_loxPsym_59,140899.0,142066.0,resolved,S000000619;S000000620,YCR024C-A;YCR025C,,
SynIII,SynIII_SEG_0060,60,SynIII_loxPsym_59,SynIII_loxPsym_60,142099.0,145359.0,resolved,S000000621,YCR026C,,
SynIII,SynIII_SEG_0061,61,SynIII_loxPsym_60,SynIII_loxPsym_61,145392.0,146327.0,resolved,S000000622,YCR027C,,
SynIII,SynIII_SEG_0062,62,SynIII_loxPsym_61,SynIII_loxPsym_62,146360.0,147355.0,resolved,,,,
SynIII,SynIII_SEG_0063,63,SynIII_loxPsym_62,SynIII_loxPsym_63,147388.0,149453.0,resolved,S000000623,YCR028C,,
SynIII,SynIII_SEG_0064,64,SynIII_loxPsym_63,SynIII_loxPsym_64,149486.0,150280.0,resolved,S000007222,YCR028C-A,,
SynIII,SynIII_SEG_0065,65,SynIII_loxPsym_64,SynIII_loxPsym_65,150313.0,153988.0,resolved,S000000626,YCR030C,,
SynIII,SynIII_SEG_0066,66,SynIII_loxPsym_65,SynIII_loxPsym_66,154021.0,162245.0,resolved,S000000627;S000000628,YCR031C;YCR032W,,
SynIII,SynIII_SEG_0067,67,SynIII_loxPsym_66,SynIII_loxPsym_67,162278.0,166425.0,resolved,S000000629,YCR033W,,
SynIII,SynIII_SEG_0068,68,SynIII_loxPsym_67,SynIII_loxPsym_68,166458.0,167925.0,resolved,S000000630,YCR034W,,
SynIII,SynIII_SEG_0069,69,SynIII_loxPsym_68,SynIII_loxPsym_69,167958.0,183193.0,resolved,S000000631;S000000632;S000000633;S000000634;S000000635;S000000638;S000000639,YCR035C;YCR036W;YCR037C;YCR038C;YCR039C;YCR042C;YCR043C,S000000631;S000000635;S000000638,
SynIII,SynIII_SEG_0070,70,SynIII_loxPsym_69,SynIII_loxPsym_70,183226.0,186265.0,resolved,S000000640;S000000641;S000028607,YCR044C;YCR045C;YCR045W-A,,
SynIII,SynIII_SEG_0071,71,SynIII_loxPsym_70,SynIII_loxPsym_71,186298.0,187103.0,resolved,S000000642,YCR046C,,
SynIII,SynIII_SEG_0072,72,SynIII_loxPsym_71,SynIII_loxPsym_72,187136.0,194667.0,resolved,S000000643;S000000644;S000000645;S000000646;S000000647;S000000648;S000000649;S000028608,YCR047C;YCR047W-A;YCR048W;YCR049C;YCR050C;YCR051W;YCR052W;YCR053W,S000000648,
SynIII,SynIII_SEG_0073,73,SynIII_loxPsym_72,SynIII_loxPsym_73,194700.0,199907.0,resolved,S000000650;S000000653,YCR054C;YCR057C,S000000650;S000000653,
SynIII,SynIII_SEG_0074,74,SynIII_loxPsym_73,SynIII_loxPsym_74,199940.0,201228.0,resolved,S000000655;S000000656,YCR059C;YCR060W,,
SynIII,SynIII_SEG_0075,75,SynIII_loxPsym_74,SynIII_loxPsym_75,201261.0,204466.0,resolved,S000000657,YCR061W,,
SynIII,SynIII_SEG_0076,76,SynIII_loxPsym_75,SynIII_loxPsym_76,204499.0,205252.0,resolved,S000000659;S000000660,YCR063W;YCR064C,,
SynIII,SynIII_SEG_0077,77,SynIII_loxPsym_76,SynIII_loxPsym_77,205285.0,207499.0,resolved,S000000661,YCR065W,,
SynIII,SynIII_SEG_0078,78,SynIII_loxPsym_77,SynIII_loxPsym_78,207532.0,209492.0,resolved,S000000662,YCR066W,,
SynIII,SynIII_SEG_0079,79,SynIII_loxPsym_78,SynIII_loxPsym_79,209525.0,209681.0,resolved,,,,
SynIII,SynIII_SEG_0080,80,SynIII_loxPsym_79,SynIII_loxPsym_80,209714.0,215373.0,resolved,S000000663;S000000664,YCR067C;YCR068W,,
SynIII,SynIII_SEG_0081,81,SynIII_loxPsym_80,SynIII_loxPsym_81,215406.0,216642.0,resolved,S000000665,YCR069W,,
SynIII,SynIII_SEG_0082,82,SynIII_loxPsym_81,SynIII_loxPsym_82,216675.0,216761.0,resolved,,,,
SynIII,SynIII_SEG_0083,83,SynIII_loxPsym_82,SynIII_loxPsym_83,216794.0,219281.0,resolved,S000000667;S000000668,YCR071C;YCR072C,S000000668,
SynIII,SynIII_SEG_0084,84,SynIII_loxPsym_83,SynIII_loxPsym_84,219314.0,224643.0,resolved,S000000669;S000000718,YCR073C;YCR073W-A,,
SynIII,SynIII_SEG_0085,85,SynIII_loxPsym_84,SynIII_loxPsym_85,224676.0,224793.0,resolved,,,,
SynIII,SynIII_SEG_0086,86,SynIII_loxPsym_85,SynIII_loxPsym_86,224826.0,227032.0,resolved,S000000671;S000000672;S000028519,YCR075C;YCR075W-A;YCR076C,,
SynIII,SynIII_SEG_0087,87,SynIII_loxPsym_86,SynIII_loxPsym_87,227065.0,231008.0,resolved,S000000673;S000002133,YCR077C;YCR079W,,
SynIII,SynIII_SEG_0088,88,SynIII_loxPsym_87,SynIII_loxPsym_88,231041.0,235523.0,resolved,S000000677;S000028609,YCR081C-A;YCR081W,,
SynIII,SynIII_SEG_0089,89,SynIII_loxPsym_88,SynIII_loxPsym_89,235556.0,236864.0,resolved,S000000678;S000000679,YCR082W;YCR083W,,
SynIII,SynIII_SEG_0090,90,SynIII_loxPsym_89,SynIII_loxPsym_90,236897.0,237241.0,resolved,,,,
SynIII,SynIII_SEG_0091,91,SynIII_loxPsym_90,SynIII_loxPsym_91,237274.0,240935.0,resolved,S000000680;S000000681;S000000682,YCR084C;YCR085W;YCR086W,,
SynIII,SynIII_SEG_0092,92,SynIII_loxPsym_91,SynIII_loxPsym_92,240968.0,243851.0,resolved,S000000683;S000000684;S000007223,YCR087C-A;YCR087W;YCR088W,,
SynIII,SynIII_SEG_0093,93,SynIII_loxPsym_92,SynIII_loxPsym_93,243884.0,249302.0,resolved,S000000685,YCR089W,,
SynIII,SynIII_SEG_0094,94,SynIII_loxPsym_93,SynIII_loxPsym_94,249335.0,253638.0,resolved,S000000686;S000000687,YCR090C;YCR091W,,
SynIII,SynIII_SEG_0095,95,SynIII_loxPsym_94,SynIII_loxPsym_95,253671.0,253863.0,resolved,,,,
SynIII,SynIII_SEG_0096,96,SynIII_loxPsym_95,SynIII_loxPsym_96,253896.0,265077.0,resolved,S000000688;S000000689;S000000690,YCR092C;YCR093W;YCR094W,,
SynIII,SynIII_SEG_0097,97,SynIII_loxPsym_96,SynIII_loxPsym_97,265110.0,268543.0,resolved,S000000691;S000029724,YCR095C;YCR095W-A,,
SynIII,SynIII_SEG_0098,98,SynIII_loxPsym_97,SynIII_loxPsym_98,268576.0,269432.0,resolved,,,,
SynIII,SynIII_SEG_0099,99,SynIII_loxPsym_98,SynIII_loxPsym_99,269465.0,272161.0,resolved,S000000695,YCR098C,,
SynIII,SynIII_SEG_0100,100,SynIII_loxPsym_99,TEL_RIGHT,272194.0,,partly_unresolved,,,,
SynIXR,SynIXR_SEG_0000,0,TEL_LEFT,SynIXR_loxPsym_0,1.0,356945.0,resolved,S000001263;S000001264,LEU2noTy1tRNAno3utr;YIL001W;YIL002C,,
SynIXR,SynIXR_SEG_0001,1,SynIXR_loxPsym_0,SynIXR_loxPsym_1,356978.0,357634.0,resolved,,,,
SynIXR,SynIXR_SEG_0002,2,SynIXR_loxPsym_1,SynIXR_loxPsym_2,357667.0,358940.0,resolved,S000001440,YIR001C,,
SynIXR,SynIXR_SEG_0003,3,SynIXR_loxPsym_2,SynIXR_loxPsym_3,358973.0,364490.0,resolved,S000001441;S000001442,YIR002C;YIR003W,,
SynIXR,SynIXR_SEG_0004,4,SynIXR_loxPsym_3,SynIXR_loxPsym_4,364523.0,366119.0,resolved,S000001443,YIR004W,,
SynIXR,SynIXR_SEG_0005,5,SynIXR_loxPsym_4,SynIXR_loxPsym_5,366152.0,366969.0,resolved,S000001444,YIR005W,,
SynIXR,SynIXR_SEG_0006,6,SynIXR_loxPsym_5,SynIXR_loxPsym_6,367002.0,372081.0,resolved,S000001445,YIR006C,,
SynIXR,SynIXR_SEG_0007,7,SynIXR_loxPsym_6,SynIXR_loxPsym_7,372114.0,374628.0,resolved,S000001446,YIR007W,,
SynIXR,SynIXR_SEG_0008,8,SynIXR_loxPsym_7,SynIXR_loxPsym_8,374661.0,376524.0,resolved,S000001447;S000001448,YIR008C;YIR009W,,
SynIXR,SynIXR_SEG_0009,9,SynIXR_loxPsym_8,SynIXR_loxPsym_9,376557.0,381710.0,resolved,S000001449;S000001450;S000001451,YIR010W;YIR011C;YIR012W,,
SynIXR,SynIXR_SEG_0010,10,SynIXR_loxPsym_9,SynIXR_loxPsym_10,381743.0,383546.0,resolved,S000001452;S000001453,YIR013C;YIR014W,,
SynIXR,SynIXR_SEG_0011,11,SynIXR_loxPsym_10,SynIXR_loxPsym_11,383579.0,385191.0,resolved,S000001454;S000001455,YIR015W;YIR016W,,
SynIXR,SynIXR_SEG_0012,12,SynIXR_loxPsym_11,SynIXR_loxPsym_12,385224.0,385349.0,resolved,,,,
SynIXR,SynIXR_SEG_0013,13,SynIXR_loxPsym_12,SynIXR_loxPsym_13,385382.0,387180.0,resolved,S000001456;S000001457;S000028799,YIR017C;YIR017W-A;YIR018W,,
SynIXR,SynIXR_SEG_0014,14,SynIXR_loxPsym_13,SynIXR_loxPsym_14,387213.0,387425.0,resolved,,,,
SynIXR,SynIXR_SEG_0015,15,SynIXR_loxPsym_14,SynIXR_loxPsym_15,387458.0,391467.0,resolved,S000028837,YIR018C-A,,
SynIXR,SynIXR_SEG_0016,16,SynIXR_loxPsym_15,SynIXR_loxPsym_16,391500.0,396184.0,resolved,S000001458,YIR019C,,
SynIXR,SynIXR_SEG_0017,17,SynIXR_loxPsym_16,SynIXR_loxPsym_17,396217.0,397129.0,resolved,S000001459;S000007241,YIR020C;YIR020W-A,,
SynIXR,SynIXR_SEG_0018,18,SynIXR_loxPsym_17,SynIXR_loxPsym_18,397162.0,400389.0,resolved,S000001460;S000028800,YIR020C-B;YIR021W,,
SynIXR,SynIXR_SEG_0019,19,SynIXR_loxPsym_18,SynIXR_loxPsym_19,400422.0,404727.0,resolved,S000001461;S000001462;S000028801;S000028838,YIR021W-A;YIR022W;YIR023C-A;YIR023W,,
SynIXR,SynIXR_SEG_0020,20,SynIXR_loxPsym_19,SynIXR_loxPsym_20,404760.0,404906.0,resolved,,,,
SynIXR,SynIXR_SEG_0021,21,SynIXR_loxPsym_20,SynIXR_loxPsym_21,404939.0,406871.0,resolved,S000001463;S000001464,YIR024C;YIR025W,,
SynIXR,SynIXR_SEG_0022,22,SynIXR_loxPsym_21,SynIXR_loxPsym_22,406904.0,407006.0,resolved,,,,
SynIXR,SynIXR_SEG_0023,23,SynIXR_loxPsym_22,SynIXR_loxPsym_23,407039.0,408427.0,resolved,S000001465,YIR026C,,
SynIXR,SynIXR_SEG_0024,24,SynIXR_loxPsym_23,SynIXR_loxPsym_24,408460.0,412583.0,resolved,S000001466;S000001467,YIR027C;YIR028W,,
SynIXR,SynIXR_SEG_0025,25,SynIXR_loxPsym_24,SynIXR_loxPsym_25,412616.0,414080.0,resolved,S000001468,YIR029W,,
SynIXR,SynIXR_SEG_0026,26,SynIXR_loxPsym_25,SynIXR_loxPsym_26,414113.0,414309.0,resolved,,,,
SynIXR,SynIXR_SEG_0027,27,SynIXR_loxPsym_26,SynIXR_loxPsym_27,414342.0,415318.0,resolved,S000001469,YIR030C,,
SynIXR,SynIXR_SEG_0028,28,SynIXR_loxPsym_27,SynIXR_loxPsym_28,415351.0,417367.0,resolved,S000028802,YIR030W-A,,
SynIXR,SynIXR_SEG_0029,29,SynIXR_loxPsym_28,SynIXR_loxPsym_29,417400.0,421843.0,resolved,S000001471;S000001472,YIR032C;YIR033W,,
SynIXR,SynIXR_SEG_0030,30,SynIXR_loxPsym_29,SynIXR_loxPsym_30,421876.0,422020.0,resolved,,,,
SynIXR,SynIXR_SEG_0031,31,SynIXR_loxPsym_30,SynIXR_loxPsym_31,422053.0,423465.0,resolved,S000001473,YIR034C,,
SynIXR,SynIXR_SEG_0032,32,SynIXR_loxPsym_31,SynIXR_loxPsym_32,423498.0,424547.0,resolved,S000001474,YIR035C,,
SynIXR,SynIXR_SEG_0033,33,SynIXR_loxPsym_32,SynIXR_loxPsym_33,424580.0,426133.0,resolved,S000001475;S000001476;S000028803,YIR036C;YIR036W-A;YIR037W,,
SynIXR,SynIXR_SEG_0034,34,SynIXR_loxPsym_33,SynIXR_loxPsym_34,426166.0,426350.0,resolved,,,,
SynIXR,SynIXR_SEG_0035,35,SynIXR_loxPsym_34,SynIXR_loxPsym_35,426383.0,428779.0,resolved,S000001477,YIR038C,,
SynIXR,SynIXR_SEG_0036,36,SynIXR_loxPsym_35,SynIXR_loxPsym_36,428812.0,432881.0,resolved,,,,
SynIXR,SynIXR_SEG_0037,37,SynIXR_loxPsym_36,SynIXR_loxPsym_37,432914.0,435806.0,resolved,S000001478,YIR039C,,
SynIXR,SynIXR_SEG_0038,38,SynIXR_loxPsym_37,SynIXR_loxPsym_38,435839.0,436761.0,resolved,S000001479;S000001480,YIR040C;YIR041W,,
SynIXR,SynIXR_SEG_0039,39,SynIXR_loxPsym_38,SynIXR_loxPsym_39,436794.0,437759.0,resolved,,,,
SynIXR,SynIXR_SEG_0040,40,SynIXR_loxPsym_39,SynIXR_loxPsym_40,437792.0,439563.0,resolved,S000001481,YIR042C,,
SynIXR,SynIXR_SEG_0041,41,SynIXR_loxPsym_40,SynIXR_loxPsym_41,439596.0,440548.0,resolved,S000001482,YIR043C,,
SynIXR,SynIXR_SEG_0042,42,SynIXR_loxPsym_41,SynIXR_loxPsym_42,440581.0,441554.0,resolved,S000001483,YIR044C,,
SynIXR,SynIXR_SEG_0043,43,SynIXR_loxPsym_42,SynIXR_loxPsym_43,441587.0,,partly_unresolved,,,,
SynIXR,SynIXR_SEG_0044,44,SynIXR_loxPsym_43,TEL_RIGHT,,,partly_unresolved,,,,
SynVI,SynVI_SEG_0000,0,TEL_LEFT,SynVI_loxPsym_0,1.0,304.0,resolved,,,,
SynVI,SynVI_SEG_0001,1,SynVI_loxPsym_0,SynVI_loxPsym_1,337.0,606.0,resolved,,,,
SynVI,SynVI_SEG_0002,2,SynVI_loxPsym_1,SynVI_loxPsym_2,639.0,649.0,resolved,,,,
SynVI,SynVI_SEG_0003,3,SynVI_loxPsym_2,SynVI_loxPsym_3,682.0,10395.0,resolved,S000001839;S000001840;S000001841,O6U65_0950;YFL053W;YFL055W,,
SynVI,SynVI_SEG_0004,4,SynVI_loxPsym_3,SynVI_loxPsym_4,10428.0,18496.0,resolved,S000001842;S000001843,O6U65_0952;O6U65_0953,,
SynVI,SynVI_SEG_0005,5,SynVI_loxPsym_4,SynVI_loxPsym_5,18529.0,24101.0,resolved,S000001844;S000001845,YFL049W;YFL050C,,
SynVI,SynVI_SEG_0006,6,SynVI_loxPsym_5,SynVI_loxPsym_6,24134.0,27864.0,resolved,S000001846;S000001847,YFL047W;YFL048C,,
SynVI,SynVI_SEG_0007,7,SynVI_loxPsym_6,SynVI_loxPsym_7,27897.0,29981.0,resolved,S000001848;S000001849,YFL045C;YFL046W,S000001849,
SynVI,SynVI_SEG_0008,8,SynVI_loxPsym_7,SynVI_loxPsym_8,30014.0,36374.0,resolved,S000001850;S000001852;S000001853;S000028547,O6U65_0961;O6U65_0962;YFL041W;YFL044C,,
SynVI,SynVI_SEG_0009,9,SynVI_loxPsym_8,SynVI_loxPsym_9,36407.0,47929.0,resolved,S000001854;S000001855;S000001856;S000001857;S000001858,O6U65_0964;YFL036W;YFL037W;YFL038C;YFL039C,S000001855;S000001857,
SynVI,SynVI_SEG_0010,10,SynVI_loxPsym_9,SynVI_loxPsym_10,47962.0,49248.0,resolved,S000001859,YFL034C-B,,
SynVI,SynVI_SEG_0011,11,SynVI_loxPsym_10,SynVI_loxPsym_11,49281.0,53832.0,resolved,S000001860;S000006436,O6U65_0971;YFL034C-A,,
SynVI,SynVI_SEG_0012,12,SynVI_loxPsym_11,SynVI_loxPsym_12,53865.0,60905.0,resolved,S000001861;S000001862;S000001863;S000028629,O6U65_0973;O6U65_0975;YFL031W;YFL033C,S000001861,
SynVI,SynVI_SEG_0013,13,SynVI_loxPsym_12,SynVI_loxPsym_13,60938.0,62780.0,resolved,S000001864,YFL030W,,
SynVI,SynVI_SEG_0014,14,SynVI_loxPsym_13,SynVI_loxPsym_14,62813.0,64163.0,resolved,S000001865,YFL029C,S000001865,
SynVI,SynVI_SEG_0015,15,SynVI_loxPsym_14,SynVI_loxPsym_15,64196.0,65272.0,resolved,S000001866,YFL028C,,
SynVI,SynVI_SEG_0016,16,SynVI_loxPsym_15,SynVI_loxPsym_16,65305.0,68769.0,resolved,S000001867;S000001868,YFL026W;YFL027C,,
SynVI,SynVI_SEG_0017,17,SynVI_loxPsym_16,SynVI_loxPsym_17,68802.0,69066.0,resolved,,,,
SynVI,SynVI_SEG_0018,18,SynVI_loxPsym_17,SynVI_loxPsym_18,69099.0,78338.0,resolved,S000001869;S000001870;S000001871,YFL023W;YFL024C;YFL025C,S000001870,
SynVI,SynVI_SEG_0019,19,SynVI_loxPsym_18,SynVI_loxPsym_19,78371.0,82494.0,resolved,S000001872;S000001873;S000028766,O6U65_0985;YFL021W;YFL022C,S000001872,
SynVI,SynVI_SEG_0020,20,SynVI_loxPsym_19,SynVI_loxPsym_20,82527.0,84250.0,resolved,,,,
SynVI,SynVI_SEG_0021,21,SynVI_loxPsym_20,SynVI_loxPsym_21,84283.0,85637.0,resolved,S000001874;S000001875,YFL020C;non-functional:truncated CDS,,
SynVI,SynVI_SEG_0022,22,SynVI_loxPsym_21,SynVI_loxPsym_22,85670.0,85817.0,resolved,,,,
SynVI,SynVI_SEG_0023,23,SynVI_loxPsym_22,SynVI_loxPsym_23,85850.0,88924.0,resolved,S000001876;S000001877;S000002965,YFL017C;YFL017W-A;YFL018C,S000001877;S000002965,
SynVI,SynVI_SEG_0024,24,SynVI_loxPsym_23,SynVI_loxPsym_24,88957.0,91849.0,resolved,S000001878;S000001879;S000001880;S000028765,O6U65_0993;O6U65_0994;YFL014W;YFL016C,,
SynVI,SynVI_SEG_0025,25,SynVI_loxPsym_24,SynVI_loxPsym_25,91882.0,98283.0,resolved,S000001881;S000001882;S000001883;S000002964;S000028628,O6U65_0996;O6U65_0998;O6U65_0999;YFL011W;YFL013C,,
SynVI,SynVI_SEG_0026,26,SynVI_loxPsym_25,SynVI_loxPsym_26,98316.0,114243.0,resolved,S000001884;S000001885;S000001886;S000001887;S000001955,YFL007W;YFL008W;YFL009W;YFL010C;YFL010W-A,S000001885,
SynVI,SynVI_SEG_0027,27,SynVI_loxPsym_26,SynVI_loxPsym_27,114276.0,118663.0,resolved,S000001889;S000001890,YFL004W;YFL005W,S000001889,
SynVI,SynVI_SEG_0028,28,SynVI_loxPsym_27,SynVI_loxPsym_28,118696.0,118915.0,resolved,,,,
SynVI,SynVI_SEG_0029,29,SynVI_loxPsym_28,SynVI_loxPsym_29,118948.0,121917.0,resolved,S000001891,YFL003C,,
SynVI,SynVI_SEG_0030,30,SynVI_loxPsym_29,SynVI_loxPsym_30,121950.0,125591.0,resolved,S000001894;S000001895,YFL001W;YFL002C,S000001894,
SynVI,SynVI_SEG_0031,31,SynVI_loxPsym_30,SynVI_loxPsym_31,125624.0,125832.0,resolved,,,,
SynVI,SynVI_SEG_0032,32,SynVI_loxPsym_31,SynVI_loxPsym_32,125865.0,126922.0,resolved,S000001897,YFR001W,,
SynVI,SynVI_SEG_0033,33,SynVI_loxPsym_32,SynVI_loxPsym_33,126955.0,135143.0,resolved,S000001898;S000001899;S000001900;S000001901;S000001902,O6U65_1016;YFR002W;YFR003C;YFR004W;YFR005C,S000001898;S000001899;S000001900;S000001901,
SynVI,SynVI_SEG_0034,34,SynVI_loxPsym_33,SynVI_loxPsym_34,135176.0,137694.0,resolved,S000001903;S000001904,O6U65_1017;YFR008W,,
SynVI,SynVI_SEG_0035,35,SynVI_loxPsym_34,SynVI_loxPsym_35,137727.0,138328.0,resolved,,,,
SynVI,SynVI_SEG_0036,36,SynVI_loxPsym_35,SynVI_loxPsym_36,138361.0,140813.0,resolved,S000001905;S000028823,O6U65_1020;YFR009W,,
SynVI,SynVI_SEG_0037,37,SynVI_loxPsym_36,SynVI_loxPsym_37,140846.0,142666.0,resolved,S000001906,YFR010W,,
SynVI,SynVI_SEG_0038,38,SynVI_loxPsym_37,SynVI_loxPsym_38,142699.0,143567.0,resolved,S000001907;S000028824,O6U65_1022;O6U65_1023,,
SynVI,SynVI_SEG_0039,39,SynVI_loxPsym_38,SynVI_loxPsym_39,143600.0,148363.0,resolved,S000001908;S000001909;S000007606,O6U65_1024;O6U65_1025;YFR013W,,
SynVI,SynVI_SEG_0040,40,SynVI_loxPsym_39,SynVI_loxPsym_40,148396.0,148642.0,resolved,,,,
SynVI,SynVI_SEG_0041,41,SynVI_loxPsym_40,SynVI_loxPsym_41,148675.0,150404.0,resolved,S000001910,YFR014C,,
SynVI,SynVI_SEG_0042,42,SynVI_loxPsym_41,SynVI_loxPsym_42,150437.0,153215.0,resolved,S000001911,YFR015C,,
SynVI,SynVI_SEG_0043,43,SynVI_loxPsym_42,SynVI_loxPsym_43,153248.0,157184.0,resolved,S000001912,O6U65_1029,,
SynVI,SynVI_SEG_0044,44,SynVI_loxPsym_43,SynVI_loxPsym_44,157217.0,167511.0,resolved,S000001913;S000001914;S000001915,O6U65_1030;O6U65_1031;YFR019W,,
SynVI,SynVI_SEG_0045,45,SynVI_loxPsym_44,SynVI_loxPsym_45,167544.0,167716.0,resolved,,,,
SynVI,SynVI_SEG_0046,46,SynVI_loxPsym_45,SynVI_loxPsym_46,167749.0,172213.0,resolved,S000001916;S000001917,O6U65_1033;YFR021W,,
SynVI,SynVI_SEG_0047,47,SynVI_loxPsym_46,SynVI_loxPsym_47,172246.0,174967.0,resolved,S000001918,YFR022W,,
SynVI,SynVI_SEG_0048,48,SynVI_loxPsym_47,SynVI_loxPsym_48,175000.0,177676.0,resolved,S000001919,YFR023W,,
SynVI,SynVI_SEG_0049,49,SynVI_loxPsym_48,SynVI_loxPsym_49,177709.0,177954.0,resolved,,,,
SynVI,SynVI_SEG_0050,50,SynVI_loxPsym_49,SynVI_loxPsym_50,177987.0,179653.0,resolved,S000002968,YFR024C-A,,
SynVI,SynVI_SEG_0051,51,SynVI_loxPsym_50,SynVI_loxPsym_51,179686.0,180871.0,resolved,S000001921,YFR025C,,
SynVI,SynVI_SEG_0052,52,SynVI_loxPsym_51,SynVI_loxPsym_52,180904.0,182830.0,resolved,S000001922,O6U65_1039,,
SynVI,SynVI_SEG_0053,53,SynVI_loxPsym_52,SynVI_loxPsym_53,182863.0,186344.0,resolved,S000001923;S000001924,YFR027W;YFR028C,S000001924,
SynVI,SynVI_SEG_0054,54,SynVI_loxPsym_53,SynVI_loxPsym_54,186377.0,196174.0,resolved,S000001925;S000001926;S000001927,YFR029W;YFR030W;YFR031C,S000001927,
SynVI,SynVI_SEG_0055,55,SynVI_loxPsym_54,SynVI_loxPsym_55,196207.0,198812.0,resolved,S000001928;S000002104,O6U65_1046;YFR031C-A,,
SynVI,SynVI_SEG_0056,56,SynVI_loxPsym_55,SynVI_loxPsym_56,198845.0,199914.0,resolved,S000006437;S000028630,O6U65_1048;YFR032C-A,,
SynVI,SynVI_SEG_0057,57,SynVI_loxPsym_56,SynVI_loxPsym_57,199947.0,200642.0,resolved,S000001929,YFR033C,,
SynVI,SynVI_SEG_0058,58,SynVI_loxPsym_57,SynVI_loxPsym_58,200675.0,202347.0,resolved,S000001930;S000001931;S000028631,O6U65_1051;O6U65_1052;YFR034C,,
SynVI,SynVI_SEG_0059,59,SynVI_loxPsym_58,SynVI_loxPsym_59,202380.0,202961.0,resolved,S000001932,YFR036W,,
SynVI,SynVI_SEG_0060,60,SynVI_loxPsym_59,SynVI_loxPsym_60,202994.0,212908.0,resolved,S000001933;S000001934;S000001935;S000001936;S000028767,O6U65_1054;O6U65_1057;YFR037C;YFR038W;YFR040W,S000001933,
SynVI,SynVI_SEG_0061,61,SynVI_loxPsym_60,SynVI_loxPsym_61,212941.0,218687.0,resolved,S000001937;S000001938;S000001939;S000001940;S000001941,O6U65_1060;O6U65_1062;O6U65_1063;YFR041C;YFR043C,S000001938,
SynVI,SynVI_SEG_0062,62,SynVI_loxPsym_61,SynVI_loxPsym_62,218720.0,219926.0,resolved,S000001942,YFR046C,,
SynVI,SynVI_SEG_0063,63,SynVI_loxPsym_62,SynVI_loxPsym_63,219959.0,223822.0,resolved,S000001943;S000001944,YFR047C;YFR048W,,
SynVI,SynVI_SEG_0064,64,SynVI_loxPsym_63,SynVI_loxPsym_64,223855.0,224616.0,resolved,S000001945,YFR049W,,
SynVI,SynVI_SEG_0065,65,SynVI_loxPsym_64,SynVI_loxPsym_65,224649.0,229341.0,resolved,S000001947;S000001948,YFR051C;YFR052W,S000001948,
SynVI,SynVI_SEG_0066,66,SynVI_loxPsym_65,SynVI_loxPsym_66,229374.0,241016.0,resolved,S000001949;S000001950;S000001951;S000001952;S000028768,O6U65_1073;O6U65_1074;YFR053C;YFR055W;non-functional:truncated CDS,,
SynVI,SynVI_SEG_0067,67,SynVI_loxPsym_66,SynVI_loxPsym_67,241049.0,242023.0,resolved,,,,
SynVI,SynVI_SEG_0068,68,SynVI_loxPsym_67,SynVI_loxPsym_68,242056.0,242064.0,resolved,,,,
SynVI,SynVI_SEG_0069,69,SynVI_loxPsym_68,SynVI_loxPsym_69,242097.0,242107.0,resolved,,,,
SynVI,SynVI_SEG_0070,70,SynVI_loxPsym_69,SynVI_loxPsym_70,242140.0,242409.0,resolved,,,,
SynVI,SynVI_SEG_0071,71,SynVI_loxPsym_70,TEL_RIGHT,242442.0,,partly_unresolved,,,,
