scenario,model_key,alpha,p_event,seed,trajectory_id,trajectory_key,precursor_event_id,precursor_step,precursor_event_type,precursor_chromosome,precursor_left_lox_copy_id,precursor_right_lox_copy_id,terminal_event_id,terminal_step,terminal_chromosome,terminal_left_lox_copy_id,terminal_right_lox_copy_id,terminal_missing_gate_genes,events_until_failure,same_chromosome_as_terminal,immediate_predecessor,final_pair_exists_before,final_pair_exists_after,final_pair_activated,final_pair_distance_before,final_pair_distance_after,distance_change,final_pair_lethal_before,final_pair_lethal_after,final_pair_lethality_activated,final_pair_buffered_after,proposal_probability_before,proposal_probability_after,proposal_probability_change,proposal_probability_increased,proposal_log2_ratio_nonzero,final_pair_lethal_hazard_before,final_pair_lethal_hazard_after,final_pair_lethal_hazard_increased,cascade_mechanism,total_hazard_sampled,total_lethal_pair_probability_before,total_lethal_pair_probability_after,total_lethal_hazard_before,total_lethal_hazard_after,total_lethal_hazard_increased,total_hazard_log2_ratio_nonzero,cascade_score,proposal_probability_fold_change_nonzero
scenario_044,linear_distance,2.0,0.3,3171143693,8926,scenario_044:8926,2,8,duplication,SynVI,SynVI_loxPsym_60@0,SynVI_loxPsym_64@0,3,9,SynVI,SynVI_loxPsym_64@e2l7,SynVI_loxPsym_65@0,S000001948,1,True,True,False,True,True,,1.0,,False,True,True,False,0.0,0.0008408499837278,0.0008408499837278,True,,0.0,0.0001114818435965,True,final_pair_activation,False,,,,,False,,996.9247185201134,
scenario_039,linear_distance,2.0,0.12,4216611858,9072,scenario_039:9072,2,8,duplication,SynIII,SynIII_loxPsym_24@0,SynIII_loxPsym_26@0,3,16,SynIII,SynIII_loxPsym_26@e2l3,SynIII_loxPsym_27@0,S000000522,1,True,True,False,True,True,,1.0,,False,True,True,False,0.0,0.0008390463595114,0.0008390463595114,True,,0.0,4.449708596369005e-05,True,final_pair_activation,False,,,,,False,,996.9237859574005,
scenario_033,linear_distance,1.5,0.3,2308636446,6771,scenario_033:6771,2,7,duplication,SynII,SynII_loxPsym_190@0,SynII_loxPsym_206@0,3,13,SynII,SynII_loxPsym_206@e2l31,SynII_loxPsym_207@0,S000000394,1,True,True,False,True,True,,1.0,,False,True,True,False,0.0,0.0005358196157822,0.0005358196157822,True,,0.0,7.104020902485218e-05,True,final_pair_activation,False,,,,,False,,996.7290186086191,
scenario_036,linear_distance,2.0,0.07,308999449,976,scenario_036:976,1,5,duplication,SynIII,SynIII_loxPsym_25@0,SynIII_loxPsym_26@0,2,6,SynIII,SynIII_loxPsym_26@e1l1,SynIII_loxPsym_28@0,S000000522,1,True,True,False,True,True,,2.0,,False,True,True,False,0.0,0.0003737061506616,0.0003737061506616,True,,0.0,1.1560926844558983e-05,True,final_pair_activation,True,0.3608883889620246,0.3604381046425127,0.0111643981680626,0.0111504682285422,False,-0.0018011900155939,996.5725302457662,
scenario_043,linear_distance,2.0,0.25,1281578188,3025,scenario_043:3025,1,3,duplication,SynII,SynII_loxPsym_55@0,SynII_loxPsym_56@0,2,4,SynII,SynII_loxPsym_55@0,SynII_loxPsym_56@e1l1,S000000116,1,True,True,False,True,True,,2.0,,False,True,True,False,0.0,0.0003736983464982,0.0003736983464982,True,,0.0,4.128816219976858e-05,True,final_pair_activation,False,,,,,False,,996.5725211762326,
scenario_039,linear_distance,2.0,0.12,4216611858,7167,scenario_039:7167,2,7,duplication,SynIII,SynIII_loxPsym_66@0,SynIII_loxPsym_68@0,3,13,SynIII,SynIII_loxPsym_67@e2l1,SynIII_loxPsym_69@0,S000000631;S000000635;S000000638,1,True,True,False,True,True,,2.0,,False,True,True,False,0.0,0.0003729094931161,0.0003729094931161,True,,0.0,1.977648265052891e-05,True,final_pair_activation,False,,,,,False,,996.5716034392891,
scenario_043,linear_distance,2.0,0.25,1281578188,5308,scenario_043:5308,1,2,duplication,SynIII,SynIII_loxPsym_44@0,SynIII_loxPsym_46@0,2,5,SynIII,SynIII_loxPsym_46@e1l3,SynIII_loxPsym_48@0,S000000605;S000000606,1,True,True,False,True,True,,2.0,,False,True,True,False,0.0,0.0003729094931161,0.0003729094931161,True,,0.0,4.120100552193523e-05,True,final_pair_activation,False,,,,,False,,996.5716034392891,
scenario_042,linear_distance,2.0,0.2,212422559,9221,scenario_042:9221,3,12,duplication,SynII,SynII_loxPsym_16@0,SynII_loxPsym_20@0,5,15,SynII,SynII_loxPsym_19@e3l5,SynII_loxPsym_21@0,S000000172;S000000173,2,True,False,False,True,True,,2.0,,False,True,True,False,0.0,0.0003697110554641,0.0003697110554641,True,,0.0,3.26781002230037e-05,True,final_pair_activation,False,,,,,False,,996.5678624374686,
scenario_037,linear_distance,2.0,0.09,3011066200,3378,scenario_037:3378,2,5,duplication,SynII,SynII_loxPsym_54@0,SynII_loxPsym_55@0,3,8,SynII,SynII_loxPsym_55@e2l1,SynII_loxPsym_57@0,S000000114;S000000116,1,True,True,False,True,True,,2.0,,False,True,True,False,0.0,0.0003666459882232,0.0003666459882232,True,,0.0,1.458323298045621e-05,True,final_pair_activation,False,,,,,False,,996.5642469373828,
scenario_036,linear_distance,2.0,0.07,308999449,7611,scenario_036:7611,1,10,duplication,SynVI,SynVI_loxPsym_0@0,SynVI_loxPsym_13@0,3,12,SynVI,SynVI_loxPsym_12@e1l23,SynVI_loxPsym_14@0,S000001865,2,True,False,False,True,True,,2.0,,False,True,True,False,0.0,0.0003644119713264,0.0003644119713264,True,,0.0,1.1273403272403403e-05,True,final_pair_activation,False,,,,,False,,996.5615926355775,
scenario_032,linear_distance,1.5,0.25,2950421996,8728,scenario_032:8728,3,12,duplication,SynIII,SynIII_loxPsym_7@0,SynIII_loxPsym_8@0,4,19,SynIII,SynIII_loxPsym_7@0,SynIII_loxPsym_8@e3l1,S000000557,1,True,True,False,True,True,,2.0,,False,True,True,False,0.0,0.0003019496516387,0.0003019496516387,True,,0.0,3.336098837429314e-05,True,final_pair_activation,False,,,,,False,,996.4799345328962,
scenario_026,linear_distance,1.5,0.09,2683194250,4412,scenario_026:4412,3,6,duplication,SynIII,SynIII_loxPsym_65@0,SynIII_loxPsym_67@0,4,10,SynIII,SynIII_loxPsym_67@e3l3,SynIII_loxPsym_69@0,S000000631;S000000635;S000000638,1,True,True,False,True,True,,2.0,,False,True,True,False,0.0,0.0002949349159182,0.0002949349159182,True,,0.0,1.173094682898558e-05,True,final_pair_activation,False,,,,,False,,996.4697261896185,
scenario_032,linear_distance,1.5,0.25,2950421996,5122,scenario_032:5122,5,16,duplication,SynVI,SynVI_loxPsym_14@0,SynVI_loxPsym_29@0,6,18,SynVI,SynVI_loxPsym_28@e5l27,SynVI_loxPsym_30@0,S000001894,1,True,True,False,True,True,,2.0,,False,True,True,False,0.0,0.0002923647991884,0.0002923647991884,True,,0.0,3.23020033765401e-05,True,final_pair_activation,False,,,,,False,,996.4659250822444,
scenario_029,linear_distance,1.5,0.15,426479639,5938,scenario_029:5938,2,10,duplication,SynIII,SynIII_loxPsym_57@0,SynIII_loxPsym_72@0,5,19,SynIII,SynIII_loxPsym_72@e2l29,SynIII_loxPsym_74@0,S000000650;S000000653,3,True,False,False,True,True,,2.0,,False,True,True,False,0.0,0.0002921994974332,0.0002921994974332,True,,0.0,1.937024398062646e-05,True,final_pair_activation,False,,,,,False,,996.4656794646367,
scenario_020,linear_distance,1.0,0.2,3518261095,5911,scenario_020:5911,2,3,duplication,SynVI,SynVI_loxPsym_11@0,SynVI_loxPsym_18@0,3,6,SynVI,SynVI_loxPsym_18@e2l13,SynVI_loxPsym_19@0,S000001872,1,True,True,False,True,True,,1.0,,False,True,True,False,0.0,0.0002758321306156,0.0002758321306156,True,,0.0,2.4380309638468982e-05,True,final_pair_activation,False,,,,,False,,996.4406448540672,
scenario_022,linear_distance,1.0,0.3,1561271711,3925,scenario_022:3925,1,1,duplication,SynII,SynII_loxPsym_173@0,SynII_loxPsym_260@0,3,11,SynII,SynII_loxPsym_235@e1l123,SynII_loxPsym_236@e1l125,S000000447,2,True,False,False,True,True,,1.0,,False,False,False,False,0.0,0.0002218834119042,0.0002218834119042,True,,0.0,0.0,False,final_pair_activation,False,,,,,False,,996.3461248354103,
scenario_042,linear_distance,2.0,0.2,212422559,1319,scenario_042:1319,2,11,duplication,SynII,SynII_loxPsym_44@0,SynII_loxPsym_45@0,6,19,SynII,SynII_loxPsym_45@e2l1,SynII_loxPsym_48@0,S000000130;S000000131,4,True,False,False,True,True,,3.0,,False,True,True,False,0.0,0.0002102053199052,0.0002102053199052,True,,0.0,1.857967298989586e-05,True,final_pair_activation,False,,,,,False,,996.3226437030158,
scenario_030,linear_distance,1.5,0.18,3754543510,7368,scenario_030:7368,1,2,duplication,SynII,SynII_loxPsym_60@0,SynII_loxPsym_61@0,4,20,SynII,SynII_loxPsym_59@0,SynII_loxPsym_61@e1l1,S000000110,3,True,False,False,True,True,,3.0,,False,True,True,False,0.0,0.0001960981142035,0.0001960981142035,True,,0.0,1.5599486034562563e-05,True,final_pair_activation,False,,,,,False,,996.292473417253,
scenario_032,linear_distance,1.5,0.25,2950421996,2537,scenario_032:2537,1,1,duplication,SynII,SynII_loxPsym_33@0,SynII_loxPsym_35@0,2,2,SynII,SynII_loxPsym_35@e1l3,SynII_loxPsym_38@0,S000000146,1,True,True,False,True,True,,3.0,,False,True,True,False,0.0,0.000195640230103,0.000195640230103,True,,0.0,2.1615363377931883e-05,True,final_pair_activation,False,,,,,False,,996.2914581649467,
scenario_029,linear_distance,1.5,0.15,426479639,6936,scenario_029:6936,2,6,duplication,SynII,SynII_loxPsym_18@0,SynII_loxPsym_19@0,7,19,SynII,SynII_loxPsym_19@e2l1,SynII_loxPsym_22@0,S000000169;S000000170;S000000172;S000000173,5,True,False,False,True,True,,3.0,,False,True,True,False,0.0,0.0001952908416131,0.0001952908416131,True,,0.0,1.294605665806112e-05,True,final_pair_activation,False,,,,,False,,996.29068187703,
scenario_021,linear_distance,1.0,0.25,92951844,4816,scenario_021:4816,1,6,duplication,SynVI,SynVI_loxPsym_31@0,SynVI_loxPsym_32@0,2,7,SynVI,SynVI_loxPsym_32@e1l1,SynVI_loxPsym_34@0,S000001898;S000001899;S000001900;S000001901,1,True,True,False,True,True,,2.0,,False,True,True,False,0.0,0.0001858883776933,0.0001858883776933,True,,0.0,2.05379273448044e-05,True,final_pair_activation,False,,,,,False,,996.2692522372089,
scenario_020,linear_distance,1.0,0.2,3518261095,7543,scenario_020:7543,1,2,duplication,SynII,SynII_loxPsym_149@0,SynII_loxPsym_157@0,5,18,SynII,SynII_loxPsym_157@e1l15,SynII_loxPsym_159@0,S000000325,4,True,False,False,True,True,,2.0,,False,True,True,False,0.0,0.0001820530194684,0.0001820530194684,True,,0.0,1.609134140882462e-05,True,final_pair_activation,False,,,,,False,,996.2601978863877,
scenario_019,linear_distance,1.0,0.18,1673311115,7817,scenario_019:7817,4,8,duplication,SynII,SynII_loxPsym_103@0,SynII_loxPsym_107@0,5,18,SynII,SynII_loxPsym_107@e4l7,SynII_loxPsym_109@0,S000000253,1,True,True,False,True,True,,2.0,,False,True,True,False,0.0,0.0001645879160892,0.0001645879160892,True,,0.0,1.3092868888205966e-05,True,final_pair_activation,False,,,,,False,,996.2163979464995,
scenario_026,linear_distance,1.5,0.09,2683194250,9140,scenario_026:9140,1,13,duplication,SynVI,SynVI_loxPsym_24@0,SynVI_loxPsym_26@0,2,16,SynVI,SynVI_loxPsym_25@e1l1,SynVI_loxPsym_29@0,S000001889,1,True,True,False,True,True,,4.0,,False,True,True,False,0.0,0.000140038497825,0.000140038497825,True,,0.0,5.56998877830848e-06,True,final_pair_activation,False,,,,,False,,996.1462474434968,
scenario_033,linear_distance,1.5,0.3,2308636446,9631,scenario_033:9631,2,6,duplication,SynIII,SynIII_loxPsym_1@0,SynIII_loxPsym_3@0,4,8,SynIII,SynIII_loxPsym_2@e2l1,SynIII_loxPsym_6@0,S000000564,2,True,False,False,True,True,,4.0,,False,True,True,False,0.0,0.0001400226894063,0.0001400226894063,True,,0.0,1.8564533344171965e-05,True,final_pair_activation,False,,,,,False,,996.1461984148607,
scenario_025,linear_distance,1.5,0.07,1182193551,106,scenario_025:106,1,1,duplication,SynII,SynII_loxPsym_158@0,SynII_loxPsym_160@0,2,16,SynII,SynII_loxPsym_158@0,SynII_loxPsym_160@e1l3,S000000325;S000000328,1,True,True,False,True,True,,4.0,,False,True,True,False,0.0,0.000139988753166,0.000139988753166,True,,0.0,4.330674599678799e-06,True,final_pair_activation,True,0.4847147810589715,0.4805950538680596,0.0149950759825002,0.0148676286161956,False,-0.0123142764288978,996.1460931454343,
scenario_022,linear_distance,1.0,0.3,1561271711,6225,scenario_022:6225,2,5,duplication,SynVI,SynVI_loxPsym_51@0,SynVI_loxPsym_57@0,4,16,SynVI,SynVI_loxPsym_57@e2l11,SynVI_loxPsym_60@0,S000001933,2,True,False,False,True,True,,3.0,,False,True,True,False,0.0,0.0001379160653078,0.0001379160653078,True,,0.0,1.828523222885173e-05,True,final_pair_activation,False,,,,,False,,996.1396148584032,
scenario_031,linear_distance,1.5,0.2,770846889,3829,scenario_031:3829,1,2,duplication,SynII,SynII_loxPsym_226@0,SynII_loxPsym_235@0,4,10,SynII,SynII_loxPsym_234@e1l15,SynII_loxPsym_238@0,S000000447,3,True,False,False,True,True,,4.0,,False,True,True,False,0.0,0.0001377361775855,0.0001377361775855,True,,0.0,1.217425486457713e-05,True,final_pair_activation,False,,,,,False,,996.1390480264018,
scenario_043,linear_distance,2.0,0.25,1281578188,6716,scenario_043:6716,2,5,duplication,SynIII,SynIII_loxPsym_12@0,SynIII_loxPsym_14@0,7,16,SynIII,SynIII_loxPsym_11@0,SynIII_loxPsym_13@e2l1,S000000546;S000000548,5,True,False,False,True,True,,4.0,,False,True,True,False,0.0,0.0001345369743336,0.0001345369743336,True,,0.0,1.4864353750038287e-05,True,final_pair_activation,False,,,,,False,,996.1288416564001,
scenario_041,linear_distance,2.0,0.18,1764842416,45,scenario_041:45,2,9,duplication,SynVI,SynVI_loxPsym_17@0,SynVI_loxPsym_18@0,3,10,SynVI,SynVI_loxPsym_15@0,SynVI_loxPsym_18@e2l1,S000001870,1,True,True,False,True,True,,4.0,,False,True,True,False,0.0,0.0001319738776516,0.0001319738776516,True,,0.0,1.0498441913708782e-05,True,final_pair_activation,False,,,,,False,,996.1204879773085,
scenario_018,linear_distance,1.0,0.15,1037225636,9390,scenario_018:9390,1,1,duplication,SynII,SynII_loxPsym_123@0,SynII_loxPsym_148@0,3,19,SynII,SynII_loxPsym_148@e1l49,SynII_loxPsym_151@0,S000000313;S000000314,2,True,False,False,True,True,,3.0,,False,True,True,False,0.0,0.0001301950453638,0.0001301950453638,True,,0.0,8.630780736855971e-06,True,final_pair_activation,False,,,,,False,,996.1145944572575,
scenario_071,partial_hic_fallback,1.5,0.1,920122771,6416,scenario_071:6416,3,13,duplication,SynII,SynII_loxPsym_187@0,SynII_loxPsym_207@0,4,14,SynII,SynII_loxPsym_207@e3l39,SynII_loxPsym_208@0,S000000396;S000000397,1,True,True,False,True,True,,1.0,,False,True,True,False,0.0,0.0001194794525151,0.0001194794525151,True,,0.0,5.280287762802624e-06,True,final_pair_activation,False,,,,,False,,996.0772932238901,
scenario_043,linear_distance,2.0,0.25,1281578188,9495,scenario_043:9495,1,9,duplication,SynII,SynII_loxPsym_132@0,SynII_loxPsym_209@0,2,10,SynII,SynII_loxPsym_208@e1l151,SynII_loxPsym_212@0,S000000400;S000000402,1,True,True,False,True,True,,4.0,,False,True,True,False,0.0,0.0001155737607469,0.0001155737607469,True,,0.0,1.2769198002802464e-05,True,final_pair_activation,False,,,,,False,,996.062859245362,
scenario_021,linear_distance,1.0,0.25,92951844,2844,scenario_021:2844,2,5,duplication,SynII,SynII_loxPsym_88@0,SynII_loxPsym_90@0,5,9,SynII,SynII_loxPsym_90@e2l3,SynII_loxPsym_94@0,S000000233,3,True,False,False,True,True,,4.0,,False,True,True,False,0.0,0.0001130839245478,0.0001130839245478,True,,0.0,1.24941077815037e-05,True,final_pair_activation,False,,,,,False,,996.0534008721546,
scenario_018,linear_distance,1.0,0.15,1037225636,1675,scenario_018:1675,2,6,duplication,SynII,SynII_loxPsym_44@0,SynII_loxPsym_46@0,3,10,SynII,SynII_loxPsym_45@e2l1,SynII_loxPsym_49@0,S000000130;S000000131,1,True,True,False,True,True,,4.0,,False,True,True,False,0.0,0.000111128522107,0.000111128522107,True,,0.0,7.366838770527612e-06,True,final_pair_activation,False,,,,,False,,996.0458255387242,
scenario_017,linear_distance,1.0,0.12,2778378777,2181,scenario_017:2181,1,3,duplication,SynII,SynII_loxPsym_207@0,SynII_loxPsym_216@0,4,14,SynII,SynII_loxPsym_215@e1l15,SynII_loxPsym_219@0,S000000415,3,True,False,False,True,True,,4.0,,False,True,True,False,0.0,0.0001089212294445,0.0001089212294445,True,,0.0,5.776411821495209e-06,True,final_pair_activation,False,,,,,False,,996.0371125347791,
scenario_033,linear_distance,1.5,0.3,2308636446,9127,scenario_033:9127,1,1,duplication,SynII,SynII_loxPsym_34@0,SynII_loxPsym_35@0,2,2,SynII,SynII_loxPsym_35@e1l1,SynII_loxPsym_40@0,S000000146,1,True,True,False,True,True,,5.0,,False,True,True,False,0.0,0.0001067422931823,0.0001067422931823,True,,0.0,1.4152141123833491e-05,True,final_pair_activation,False,,,,,False,,996.0283365286692,
scenario_032,linear_distance,1.5,0.25,2950421996,2430,scenario_032:2430,2,8,duplication,SynII,SynII_loxPsym_53@0,SynII_loxPsym_55@0,6,19,SynII,SynII_loxPsym_55@e2l3,SynII_loxPsym_60@0,S000000114;S000000116,4,True,False,False,True,True,,5.0,,False,True,True,False,0.0,0.0001064930526473,0.0001064930526473,True,,0.0,1.1765913529061176e-05,True,final_pair_activation,False,,,,,False,,996.027321276363,
scenario_030,linear_distance,1.5,0.18,3754543510,4002,scenario_030:4002,1,10,duplication,SynIII,SynIII_loxPsym_23@0,SynIII_loxPsym_26@0,4,14,SynIII,SynIII_loxPsym_26@e1l5,SynIII_loxPsym_31@0,S000000522,3,True,False,False,True,True,,5.0,,False,True,True,False,0.0,0.0001062833008349,0.0001062833008349,True,,0.0,8.454772111479408e-06,True,final_pair_activation,False,,,,,False,,996.0264650338087,
scenario_030,linear_distance,1.5,0.18,3754543510,834,scenario_030:834,1,5,duplication,SynIII,SynIII_loxPsym_64@0,SynIII_loxPsym_68@0,2,7,SynIII,SynIII_loxPsym_68@e1l7,SynIII_loxPsym_73@0,S000000631;S000000635;S000000638;S000000648;S000000650;S000000653,1,True,True,False,True,True,,5.0,,False,True,True,False,0.0,0.0001060486166315,0.0001060486166315,True,,0.0,8.43610312545221e-06,True,final_pair_activation,False,,,,,False,,996.0255050076643,
scenario_033,linear_distance,1.5,0.3,2308636446,5129,scenario_033:5129,1,2,duplication,SynIII,SynIII_loxPsym_12@0,SynIII_loxPsym_22@0,2,7,SynIII,SynIII_loxPsym_22@e1l19,SynIII_loxPsym_27@0,S000000522,1,True,True,False,True,True,,5.0,,False,True,True,False,0.0,0.000104658921582,0.000104658921582,True,,0.0,1.3875922878730274e-05,True,final_pair_activation,False,,,,,False,,996.0197762554046,
scenario_033,linear_distance,1.5,0.3,2308636446,2205,scenario_033:2205,1,3,duplication,SynII,SynII_loxPsym_148@0,SynII_loxPsym_159@0,4,13,SynII,SynII_loxPsym_164@0,SynII_loxPsym_159@e1l21,S000000328,3,True,False,False,True,True,,5.0,,False,True,True,False,0.0,0.0001042996403136,0.0001042996403136,True,,0.0,1.3828288533779225e-05,True,final_pair_activation,False,,,,,False,,996.0182828107268,
scenario_027,linear_distance,1.5,0.1,140491699,9823,scenario_027:9823,2,6,duplication,SynII,SynII_loxPsym_122@0,SynII_loxPsym_127@0,3,10,SynII,SynII_loxPsym_125@e2l5,SynII_loxPsym_130@0,S000000283;S000000284,1,True,True,False,True,True,,5.0,,False,True,True,False,0.0,0.0001026536487329,0.0001026536487329,True,,0.0,4.536686382479085e-06,True,final_pair_activation,False,,,,,False,,996.0113743905931,
scenario_044,linear_distance,2.0,0.3,3171143693,4845,scenario_044:4845,2,8,duplication,SynIII,SynIII_loxPsym_38@0,SynIII_loxPsym_42@0,3,9,SynIII,SynIII_loxPsym_42@e2l7,SynIII_loxPsym_47@0,S000000605;S000000606,1,True,True,False,True,True,,5.0,,False,True,True,False,0.0,9.28314939648214e-05,9.28314939648214e-05,True,,0.0,1.230781505772762e-05,True,final_pair_activation,False,,,,,False,,995.9676953397397,
scenario_033,linear_distance,1.5,0.3,2308636446,9311,scenario_033:9311,1,1,duplication,SynII,SynII_loxPsym_168@0,SynII_loxPsym_233@0,4,11,SynII,SynII_loxPsym_207@e1l77,SynII_loxPsym_212@e1l87,S000000396;S000000397;S000000400;S000000402,3,True,False,False,True,True,,5.0,,False,False,False,False,0.0,9.27863098709168e-05,9.27863098709168e-05,True,,0.0,0.0,False,final_pair_activation,False,,,,,False,,995.9674839030927,
scenario_022,linear_distance,1.0,0.3,1561271711,879,scenario_022:879,5,15,duplication,SynIII,SynIII_loxPsym_45@0,SynIII_loxPsym_49@0,7,20,SynIII,SynIII_loxPsym_46@e5l1,SynIII_loxPsym_51@0,S000000510,2,True,False,False,True,True,,5.0,,False,False,False,False,0.0,9.227590305734773e-05,9.227590305734773e-05,True,,0.0,0.0,False,final_pair_activation,False,,,,,False,,995.9650883041078,
scenario_083,partial_hic_fallback,2.0,0.12,2079310279,2634,scenario_083:2634,1,5,duplication,SynII,SynII_loxPsym_191@0,SynII_loxPsym_257@0,3,19,SynII,SynII_loxPsym_232@e1l81,SynII_loxPsym_233@e1l83,S000007595,2,True,False,False,True,True,,1.0,,False,False,False,False,0.0,9.152700763984138e-05,9.152700763984138e-05,True,,0.0,0.0,False,final_pair_activation,False,,,,,False,,995.9615492638834,
scenario_085,partial_hic_fallback,2.0,0.18,3604147398,9236,scenario_085:9236,1,4,duplication,SynII,SynII_loxPsym_11@0,SynII_loxPsym_257@0,5,17,SynII,SynII_loxPsym_74@e1l125,SynII_loxPsym_75@e1l127,S000000208,4,True,False,False,True,True,,1.0,,False,False,False,False,0.0,8.780872569075752e-05,8.780872569075752e-05,True,,0.0,0.0,False,final_pair_activation,False,,,,,False,,995.9435376745741,
scenario_026,linear_distance,1.5,0.09,2683194250,6868,scenario_026:6868,2,6,duplication,SynVI,SynVI_loxPsym_20@0,SynVI_loxPsym_21@0,3,12,SynVI,SynVI_loxPsym_16@0,SynVI_loxPsym_21@e2l1,S000001870;S000001872,1,True,True,False,True,True,,6.0,,False,True,True,False,0.0,8.472159795777598e-05,8.472159795777598e-05,True,,0.0,3.369775863311887e-06,True,final_pair_activation,False,,,,,False,,995.9279941385265,
scenario_033,linear_distance,1.5,0.3,2308636446,7188,scenario_033:7188,1,6,duplication,SynVI,SynVI_loxPsym_64@0,SynVI_loxPsym_66@0,2,12,SynVI,SynVI_loxPsym_61@0,SynVI_loxPsym_65@e1l1,S000001948,1,True,True,False,True,True,,6.0,,False,True,True,False,0.0,8.453866590185556e-05,8.453866590185556e-05,True,,0.0,1.1208332654232148e-05,True,final_pair_activation,False,,,,,False,,995.9270553899795,
scenario_033,linear_distance,1.5,0.3,2308636446,2502,scenario_033:2502,1,3,duplication,SynVI,SynVI_loxPsym_15@0,SynVI_loxPsym_22@0,3,7,SynVI,SynVI_loxPsym_22@e1l13,SynVI_loxPsym_28@0,S000001877;S000001885;S000001889;S000002965,2,True,False,False,True,True,,6.0,,False,True,True,False,0.0,8.363275538828087e-05,8.363275538828087e-05,True,,0.0,1.1088224934494777e-05,True,final_pair_activation,False,,,,,False,,995.9223764054086,
scenario_018,linear_distance,1.0,0.15,1037225636,8261,scenario_018:8261,1,13,duplication,SynVI,SynVI_loxPsym_59@0,SynVI_loxPsym_62@0,2,15,SynVI,SynVI_loxPsym_57@0,SynVI_loxPsym_60@e1l1,S000001933,1,True,True,False,True,True,,6.0,,False,True,True,False,0.0,7.932306652115835e-05,7.932306652115835e-05,True,,0.0,5.258418187927741e-06,True,final_pair_activation,False,,,,,False,,995.8993994950879,
scenario_021,linear_distance,1.0,0.25,92951844,7693,scenario_021:7693,1,4,duplication,SynIII,SynIII_loxPsym_68@0,SynIII_loxPsym_71@0,3,8,SynIII,SynIII_loxPsym_69@e1l1,SynIII_loxPsym_75@0,S000000648;S000000650;S000000653,2,True,False,False,True,True,,6.0,,False,True,True,False,0.0,7.92791422353891e-05,7.92791422353891e-05,True,,0.0,8.759177326700268e-06,True,final_pair_activation,False,,,,,False,,995.899158942632,
scenario_015,linear_distance,1.0,0.09,1595675989,2723,scenario_015:2723,2,11,duplication,SynVI,SynVI_loxPsym_46@0,SynVI_loxPsym_52@0,3,15,SynVI,SynVI_loxPsym_48@e2l3,SynVI_loxPsym_54@0,S000001924;S000001927,1,True,True,False,True,True,,6.0,,False,True,True,False,0.0,7.880918017589133e-05,7.880918017589133e-05,True,,0.0,3.1346112392317264e-06,True,final_pair_activation,False,,,,,False,,995.8965768097169,
scenario_022,linear_distance,1.0,0.3,1561271711,5552,scenario_022:5552,2,2,duplication,SynVI,SynVI_loxPsym_1@0,SynVI_loxPsym_8@0,3,3,SynVI,SynVI_loxPsym_3@e2l3,SynVI_loxPsym_9@0,S000001855;S000001857,1,True,True,False,True,True,,6.0,,False,True,True,False,0.0,7.863824153284856e-05,7.863824153284856e-05,True,,0.0,1.0426040688497252e-05,True,final_pair_activation,False,,,,,False,,995.895633793467,
scenario_006,linear_distance,0.5,0.12,2826128352,8619,scenario_006:8619,3,15,duplication,SynII,SynII_loxPsym_71@0,SynII_loxPsym_123@0,4,19,SynII,SynII_loxPsym_123@e3l103,SynII_loxPsym_124@0,S000000274,1,True,True,False,True,True,,1.0,,False,True,True,False,0.0,7.78328763670865e-05,7.78328763670865e-05,True,,0.0,4.127705401790029e-06,True,final_pair_activation,False,,,,,False,,995.8911630803944,
scenario_021,linear_distance,1.0,0.25,92951844,1543,scenario_021:1543,3,8,duplication,SynII,SynII_loxPsym_6@0,SynII_loxPsym_18@0,4,9,SynII,SynII_loxPsym_13@e3l13,SynII_loxPsym_19@0,S000000180,1,True,True,False,True,True,,6.0,,False,True,True,False,0.0,7.714196900746988e-05,7.714196900746988e-05,True,,0.0,8.523051168502955e-06,True,final_pair_activation,False,,,,,False,,995.8872907198057,
scenario_021,linear_distance,1.0,0.25,92951844,101,scenario_021:101,2,3,duplication,SynII,SynII_loxPsym_8@0,SynII_loxPsym_158@0,4,15,SynII,SynII_loxPsym_155@e2l295,SynII_loxPsym_159@0,S000000325,2,True,False,False,True,True,,4.0,,False,True,True,False,0.0,7.650345650345043e-05,7.650345650345043e-05,True,,0.0,8.45250494297221e-06,True,final_pair_activation,False,,,,,False,,995.8836810574603,
scenario_019,linear_distance,1.0,0.18,1673311115,8454,scenario_019:8454,3,15,duplication,SynVI,SynVI_loxPsym_26@0,SynVI_loxPsym_28@0,5,18,SynVI,SynVI_loxPsym_23@0,SynVI_loxPsym_28@e3l3,S000001885;S000001889,2,True,False,False,True,True,,7.0,,False,True,True,False,0.0,6.955784948814407e-05,6.955784948814407e-05,True,,0.0,5.533284733978878e-06,True,final_pair_activation,False,,,,,False,,995.8423461465068,
scenario_027,linear_distance,1.5,0.1,140491699,9493,scenario_027:9493,1,3,duplication,SynII,SynII_loxPsym_238@0,SynII_loxPsym_239@0,2,5,SynII,SynII_loxPsym_239@e1l1,SynII_loxPsym_246@0,S000000457;S000000458;S000000460;S000000461,1,True,True,False,True,True,,7.0,,False,True,True,False,0.0,6.933115316560945e-05,6.933115316560945e-05,True,,0.0,3.0640284327955647e-06,True,final_pair_activation,False,,,,,False,,995.8409284237571,
scenario_020,linear_distance,1.0,0.2,3518261095,970,scenario_020:970,4,12,duplication,SynVI,SynVI_loxPsym_24@0,SynVI_loxPsym_30@0,5,15,SynVI,SynVI_loxPsym_26@0,SynVI_loxPsym_27@e4l5,S000001889,1,True,True,False,True,True,,7.0,,False,True,True,False,0.0,6.882912454514011e-05,6.882912454514011e-05,True,,0.0,6.083683451996787e-06,True,final_pair_activation,False,,,,,False,,995.8377722456887,
scenario_041,linear_distance,2.0,0.18,1764842416,4530,scenario_041:4530,1,2,duplication,SynII,SynII_loxPsym_237@0,SynII_loxPsym_238@0,6,20,SynII,SynII_loxPsym_238@e1l1,SynII_loxPsym_244@0,S000000451;S000000457;S000000458;S000000460;S000000461,5,True,False,False,True,True,,6.0,,False,True,True,False,0.0,6.863847180580976e-05,6.863847180580976e-05,True,,0.0,5.46014879703062e-06,True,final_pair_activation,False,,,,,False,,995.8365676056435,
scenario_033,linear_distance,1.5,0.3,2308636446,9308,scenario_033:9308,2,10,duplication,SynII,SynII_loxPsym_67@0,SynII_loxPsym_73@0,3,16,SynII,SynII_loxPsym_73@e2l11,SynII_loxPsym_80@0,S000000208;S000000215,1,True,True,False,True,True,,7.0,,False,True,True,False,0.0,6.838291576729182e-05,6.838291576729182e-05,True,,0.0,9.066365781971965e-06,True,final_pair_activation,False,,,,,False,,995.8349476146625,
scenario_031,linear_distance,1.5,0.2,770846889,9929,scenario_031:9929,2,8,duplication,SynVI,SynVI_loxPsym_0@0,SynVI_loxPsym_12@0,3,11,SynVI,SynVI_loxPsym_10@e2l19,SynVI_loxPsym_17@0,S000001865,1,True,True,False,True,True,,7.0,,False,True,True,False,0.0,6.772291601989561e-05,6.772291601989561e-05,True,,0.0,5.985907655138087e-06,True,final_pair_activation,False,,,,,False,,995.8307356497335,
scenario_040,linear_distance,2.0,0.15,3319947148,7084,scenario_040:7084,1,2,duplication,SynIII,SynIII_loxPsym_2@0,SynIII_loxPsym_17@0,5,11,SynIII,SynIII_loxPsym_13@e1l21,SynIII_loxPsym_19@0,S000000536,4,True,False,False,True,True,,6.0,,False,True,True,False,0.0,6.664486361139887e-05,6.664486361139887e-05,True,,0.0,4.417965395383027e-06,True,final_pair_activation,False,,,,,False,,995.8237666835146,
scenario_030,linear_distance,1.5,0.18,3754543510,7752,scenario_030:7752,2,12,duplication,SynII,SynII_loxPsym_18@0,SynII_loxPsym_70@0,4,18,SynII,SynII_loxPsym_68@e2l99,SynII_loxPsym_75@0,S000000208,2,True,False,False,True,True,,7.0,,False,True,True,False,0.0,6.191587266102796e-05,6.191587266102796e-05,True,,0.0,4.9253701128963314e-06,True,final_pair_activation,False,,,,,False,,995.7918019983808,
scenario_022,linear_distance,1.0,0.3,1561271711,5127,scenario_022:5127,1,2,duplication,SynII,SynII_loxPsym_57@0,SynII_loxPsym_101@0,6,14,SynII,SynII_loxPsym_64@e1l13,SynII_loxPsym_101@0,S000000110,5,True,False,False,True,True,,7.0,,False,False,False,False,0.0,6.18486476271626e-05,6.18486476271626e-05,True,,0.0,0.0,False,final_pair_activation,False,,,,,False,,995.7913302078539,
scenario_018,linear_distance,1.0,0.15,1037225636,9404,scenario_018:9404,3,10,duplication,SynVI,SynVI_loxPsym_26@0,SynVI_loxPsym_29@0,7,18,SynVI,SynVI_loxPsym_28@e3l3,SynVI_loxPsym_36@0,S000001894;S000001898;S000001899;S000001900;S000001901,4,True,False,False,True,True,,8.0,,False,True,True,False,0.0,6.169571840534538e-05,6.169571840534538e-05,True,,0.0,4.089880812832688e-06,True,final_pair_activation,False,,,,,False,,995.7902550256629,
scenario_021,linear_distance,1.0,0.25,92951844,3449,scenario_021:3449,1,2,duplication,SynII,SynII_loxPsym_19@0,SynII_loxPsym_120@0,5,12,SynII,SynII_loxPsym_119@e1l199,SynII_loxPsym_125@0,S000000274,4,True,False,False,True,True,,6.0,,False,True,True,False,0.0,6.130605213681003e-05,6.130605213681003e-05,True,,0.0,6.773415639032304e-06,True,final_pair_activation,False,,,,,False,,995.7875033502097,
scenario_019,linear_distance,1.0,0.18,1673311115,7162,scenario_019:7162,3,10,duplication,SynII,SynII_loxPsym_173@0,SynII_loxPsym_237@0,6,18,SynII,SynII_loxPsym_237@e3l127,SynII_loxPsym_244@0,S000000451;S000000457;S000000458;S000000460;S000000461,3,True,False,False,True,True,,7.0,,False,True,True,False,0.0,5.893712738301051e-05,5.893712738301051e-05,True,,0.0,4.688412732894596e-06,True,final_pair_activation,False,,,,,False,,995.770388964359,
scenario_032,linear_distance,1.5,0.25,2950421996,6879,scenario_032:6879,5,17,duplication,SynVI,SynVI_loxPsym_5@0,SynVI_loxPsym_7@0,6,18,SynVI,SynVI_loxPsym_6@e5l1,SynVI_loxPsym_14@0,S000001855;S000001857;S000001861;S000001865,1,True,True,False,True,True,,8.0,,False,True,True,False,0.0,5.679362733406492e-05,5.679362733406492e-05,True,,0.0,6.274859172524504e-06,True,final_pair_activation,False,,,,,False,,995.754299607385,
scenario_028,linear_distance,1.5,0.12,2157732798,779,scenario_028:779,1,5,duplication,SynII,SynII_loxPsym_226@0,SynII_loxPsym_238@0,2,20,SynII,SynII_loxPsym_231@e1l9,SynII_loxPsym_239@0,S000000451,1,True,True,False,True,True,,8.0,,False,True,True,False,0.0,5.664381058815523e-05,5.664381058815523e-05,True,,0.0,3.0039871819714904e-06,True,final_pair_activation,False,,,,,False,,995.7531524618735,
scenario_017,linear_distance,1.0,0.12,2778378777,9631,scenario_017:9631,1,11,duplication,SynII,SynII_loxPsym_36@0,SynII_loxPsym_37@0,2,18,SynII,SynII_loxPsym_29@0,SynII_loxPsym_37@e1l1,S000000146,1,True,True,False,True,True,,9.0,,False,True,True,False,0.0,5.572514009082037e-05,5.572514009082037e-05,True,,0.0,2.9552673947644773e-06,True,final_pair_activation,False,,,,,False,,995.7460511689529,
scenario_020,linear_distance,1.0,0.2,3518261095,5969,scenario_020:5969,1,3,duplication,SynII,SynII_loxPsym_60@0,SynII_loxPsym_61@0,2,5,SynII,SynII_loxPsym_61@e1l1,SynII_loxPsym_70@0,S000000100,1,True,True,False,True,True,,9.0,,False,True,True,False,0.0,5.572514009082037e-05,5.572514009082037e-05,True,,0.0,4.925445657940796e-06,True,final_pair_activation,False,,,,,False,,995.7460511689529,
scenario_022,linear_distance,1.0,0.3,1561271711,1497,scenario_022:1497,1,6,duplication,SynVI,SynVI_loxPsym_2@0,SynVI_loxPsym_7@0,2,11,SynVI,SynVI_loxPsym_6@e1l7,SynVI_loxPsym_15@0,S000001855;S000001857;S000001861;S000001865,1,True,True,False,True,True,,9.0,,False,True,True,False,0.0,5.528621264164913e-05,5.528621264164913e-05,True,,0.0,7.329974466353826e-06,True,final_pair_activation,False,,,,,False,,995.7426168398,
scenario_017,linear_distance,1.0,0.12,2778378777,8552,scenario_017:8552,1,2,duplication,SynIII,SynIII_loxPsym_71@0,SynIII_loxPsym_76@0,4,15,SynIII,SynIII_loxPsym_72@0,SynIII_loxPsym_76@e1l9,S000000650;S000000653,3,True,False,False,True,True,,9.0,,False,True,True,False,0.0,5.5235999837985946e-05,5.5235999837985946e-05,True,,0.0,2.929326854492842e-06,True,final_pair_activation,True,0.6576292942806444,0.6529165449453008,0.0348760076342941,0.0346260767336676,False,-0.0103759657980839,995.7422222196677,
scenario_019,linear_distance,1.0,0.18,1673311115,3362,scenario_019:3362,3,10,duplication,SynII,SynII_loxPsym_35@0,SynII_loxPsym_42@0,4,15,SynII,SynII_loxPsym_37@e3l3,SynII_loxPsym_46@0,S000000136;S000000137,1,True,True,False,True,True,,9.0,,False,True,True,False,0.0,5.508649149481874e-05,5.508649149481874e-05,True,,0.0,4.382096983729948e-06,True,final_pair_activation,False,,,,,False,,995.7410451126717,
scenario_021,linear_distance,1.0,0.25,92951844,8,scenario_021:8,1,1,duplication,SynIII,SynIII_loxPsym_7@0,SynIII_loxPsym_14@0,2,6,SynIII,SynIII_loxPsym_14@e1l13,SynIII_loxPsym_23@0,S000000536,1,True,True,False,True,True,,9.0,,False,True,True,False,0.0,5.497787316495189e-05,5.497787316495189e-05,True,,0.0,6.074245085382466e-06,True,final_pair_activation,False,,,,,False,,995.7401879350238,
scenario_066,partial_hic_fallback,1.0,0.3,1581526928,4924,scenario_066:4924,1,2,duplication,SynII,SynII_loxPsym_176@0,SynII_loxPsym_246@0,4,16,SynII,SynII_loxPsym_231@e1l109,SynII_loxPsym_234@e1l115,S000000440;S000000441;S000007595,3,True,False,False,True,True,,3.0,,False,False,False,False,0.0,5.490503908487752e-05,5.490503908487752e-05,True,,0.0,0.0,False,final_pair_activation,False,,,,,False,,995.739612205039,
scenario_042,linear_distance,2.0,0.2,212422559,4270,scenario_042:4270,1,7,duplication,SynVI,SynVI_loxPsym_6@0,SynVI_loxPsym_7@0,2,17,SynVI,SynVI_loxPsym_7@e1l1,SynVI_loxPsym_14@0,S000001855;S000001857;S000001861;S000001865,1,True,True,False,True,True,,7.0,,False,True,True,False,0.0,5.255312398299368e-05,5.255312398299368e-05,True,,0.0,4.645076816521105e-06,True,final_pair_activation,False,,,,,False,,995.7205985374575,
scenario_044,linear_distance,2.0,0.3,3171143693,6365,scenario_044:6365,1,2,duplication,SynII,SynII_loxPsym_121@0,SynII_loxPsym_122@0,4,7,SynII,SynII_loxPsym_122@e1l1,SynII_loxPsym_129@0,S000000274,3,True,False,False,True,True,,7.0,,False,True,True,False,0.0,5.255132997632309e-05,5.255132997632309e-05,True,,0.0,6.9673773712109465e-06,True,final_pair_activation,False,,,,,False,,995.7205837116882,
scenario_044,linear_distance,2.0,0.3,3171143693,3728,scenario_044:3728,4,10,duplication,SynII,SynII_loxPsym_88@0,SynII_loxPsym_246@0,5,17,SynII,SynII_loxPsym_242@e4l307,SynII_loxPsym_250@0,S000000469,1,True,True,False,True,True,,6.0,,False,True,True,False,0.0,5.142588681938818e-05,5.142588681938818e-05,True,,0.0,6.818163503783701e-06,True,final_pair_activation,False,,,,,False,,995.7111817896705,
scenario_064,partial_hic_fallback,1.0,0.2,4261704054,5911,scenario_064:5911,3,6,duplication,SynII,SynII_loxPsym_20@0,SynII_loxPsym_157@0,7,12,SynII,SynII_loxPsym_156@e3l271,SynII_loxPsym_159@0,S000000325,4,True,False,False,True,True,,3.0,,False,True,True,False,0.0,5.078771029116217e-05,5.078771029116217e-05,True,,0.0,4.489035051731838e-06,True,final_pair_activation,False,,,,,False,,995.7057586335742,
scenario_022,linear_distance,1.0,0.3,1561271711,4490,scenario_022:4490,1,3,duplication,SynII,SynII_loxPsym_242@0,SynII_loxPsym_246@0,3,11,SynII,SynII_loxPsym_246@e1l7,SynII_loxPsym_240@0,S000000457;S000000458;S000000460;S000000461,2,True,False,False,True,True,,10.0,,False,True,True,False,0.0,5.022267490413671e-05,5.022267490413671e-05,True,,0.0,6.658638873772024e-06,True,final_pair_activation,False,,,,,False,,995.7008998399016,
scenario_021,linear_distance,1.0,0.25,92951844,9663,scenario_021:9663,2,4,duplication,SynIII,SynIII_loxPsym_1@0,SynIII_loxPsym_7@0,4,8,SynIII,SynIII_loxPsym_3@0,SynIII_loxPsym_7@e2l11,S000000564,2,True,False,False,True,True,,10.0,,False,True,True,False,0.0,5.0097069211382005e-05,5.0097069211382005e-05,True,,0.0,5.534988149437786e-06,True,final_pair_activation,False,,,,,False,,995.699812319429,
scenario_022,linear_distance,1.0,0.3,1561271711,5811,scenario_022:5811,2,3,duplication,SynII,SynII_loxPsym_111@0,SynII_loxPsym_69@0,4,5,SynII,SynII_loxPsym_77@e2l67,SynII_loxPsym_68@0,S000000100,2,True,False,False,True,True,,9.0,,False,True,True,False,0.0,4.974157878377048e-05,4.974157878377048e-05,True,,0.0,6.594854032856916e-06,True,final_pair_activation,False,,,,,False,,995.6967195655378,
scenario_027,linear_distance,1.5,0.1,140491699,4553,scenario_027:4553,2,7,duplication,SynVI,SynVI_loxPsym_63@0,SynVI_loxPsym_70@0,3,19,SynVI,SynVI_loxPsym_60@0,SynVI_loxPsym_65@e2l3,S000001938;S000001948,1,True,True,False,True,True,,9.0,,False,True,True,False,0.0,4.961822207675349e-05,4.961822207675349e-05,True,,0.0,2.192833038054097e-06,True,final_pair_activation,False,,,,,False,,995.6956411985478,
scenario_041,linear_distance,2.0,0.18,1764842416,2299,scenario_041:2299,2,2,duplication,SynII,SynII_loxPsym_62@0,SynII_loxPsym_90@0,4,18,SynII,SynII_loxPsym_87@e2l49,SynII_loxPsym_94@0,S000000233,2,True,False,False,True,True,,7.0,,False,True,True,False,0.0,4.955865180494984e-05,4.955865180494984e-05,True,,0.0,3.942360689509875e-06,True,final_pair_activation,True,0.360227492805582,0.3273679633414828,0.0286558785438062,0.0260419229070607,False,-0.1379951482163847,995.6951194833047,
scenario_024,linear_distance,1.5,0.05,2692316041,4663,scenario_024:4663,1,2,duplication,SynII,SynII_loxPsym_109@0,SynII_loxPsym_111@0,2,10,SynII,SynII_loxPsym_111@e1l3,SynII_loxPsym_120@0,S000000259,1,True,True,False,True,True,,9.0,,False,True,True,False,0.0,4.949349832679522e-05,4.949349832679522e-05,True,,0.0,1.0936604916232913e-06,True,final_pair_activation,False,,,,,False,,995.6945481519386,
scenario_031,linear_distance,1.5,0.2,770846889,8509,scenario_031:8509,2,9,duplication,SynII,SynII_loxPsym_123@0,SynII_loxPsym_125@0,3,10,SynII,SynII_loxPsym_124@e2l1,SynII_loxPsym_133@0,S000000283;S000000284,1,True,True,False,True,True,,9.0,,False,True,True,False,0.0,4.949349832679522e-05,4.949349832679522e-05,True,,0.0,4.374641966493165e-06,True,final_pair_activation,False,,,,,False,,995.6945481519386,
scenario_022,linear_distance,1.0,0.3,1561271711,4169,scenario_022:4169,3,12,duplication,SynII,SynII_loxPsym_110@0,SynII_loxPsym_118@0,5,19,SynII,SynII_loxPsym_116@e3l11,SynII_loxPsym_126@0,S000000274,2,True,False,False,True,True,,10.0,,False,True,True,False,0.0,4.922427368387416e-05,4.922427368387416e-05,True,,0.0,6.526268521345535e-06,True,final_pair_activation,False,,,,,False,,995.6921793167368,
scenario_022,linear_distance,1.0,0.3,1561271711,8751,scenario_022:8751,1,1,duplication,SynIII,SynIII_loxPsym_61@0,SynIII_loxPsym_75@0,4,8,SynIII,SynIII_loxPsym_75@e1l27,SynIII_loxPsym_85@0,S000000668,3,True,False,False,True,True,,10.0,,False,True,True,False,0.0,4.916792450821526e-05,4.916792450821526e-05,True,,0.0,6.518797616773773e-06,True,final_pair_activation,False,,,,,False,,995.6916818761027,
scenario_022,linear_distance,1.0,0.3,1561271711,3985,scenario_022:3985,1,1,duplication,SynII,SynII_loxPsym_4@0,SynII_loxPsym_16@0,4,13,SynII,SynII_loxPsym_14@e1l19,SynII_loxPsym_24@0,S000000169;S000000170;S000000172;S000000173;S000000180,3,True,False,False,True,True,,10.0,,False,True,True,False,0.0,4.909034391384448e-05,4.909034391384448e-05,True,,0.0,6.508511801402257e-06,True,final_pair_activation,False,,,,,False,,995.6909960746617,
scenario_033,linear_distance,1.5,0.3,2308636446,6642,scenario_033:6642,1,1,duplication,SynII,SynII_loxPsym_46@0,SynII_loxPsym_53@0,2,2,SynII,SynII_loxPsym_53@e1l13,SynII_loxPsym_62@0,S000000110;S000000114;S000000116,1,True,True,False,True,True,,9.0,,False,True,True,False,0.0,4.892209046309127e-05,4.892209046309127e-05,True,,0.0,6.486204368156815e-06,True,final_pair_activation,False,,,,,False,,995.6895050063607,
scenario_031,linear_distance,1.5,0.2,770846889,7272,scenario_031:7272,1,2,duplication,SynII,SynII_loxPsym_176@0,SynII_loxPsym_188@0,5,13,SynII,SynII_loxPsym_185@e1l17,SynII_loxPsym_194@0,S000000371,4,True,False,False,True,True,,9.0,,False,True,True,False,0.0,4.836333333862775e-05,4.836333333862775e-05,True,,0.0,4.274748700641274e-06,True,final_pair_activation,False,,,,,False,,995.6845162260324,
scenario_009,linear_distance,0.5,0.2,2160132656,8452,scenario_009:8452,2,6,duplication,SynII,SynII_loxPsym_1@0,SynII_loxPsym_16@0,3,16,SynII,SynII_loxPsym_16@e2l29,SynII_loxPsym_22@0,S000000169;S000000170;S000000172;S000000173;S000000180,1,True,True,False,True,True,,6.0,,False,True,True,False,0.0,4.816665420030248e-05,4.816665420030248e-05,True,,0.0,4.257364582695713e-06,True,final_pair_activation,False,,,,,False,,995.68274647997,
scenario_021,linear_distance,1.0,0.25,92951844,6612,scenario_021:6612,3,9,duplication,SynIII,SynIII_loxPsym_10@0,SynIII_loxPsym_13@0,6,12,SynIII,SynIII_loxPsym_5@0,SynIII_loxPsym_11@e3l1,S000000557;S000000564,3,True,False,False,True,True,,9.0,,False,True,True,False,0.0,4.806863388929848e-05,4.806863388929848e-05,True,,0.0,5.3108759279770846e-06,True,final_pair_activation,False,,,,,False,,995.6818617796537,
scenario_029,linear_distance,1.5,0.15,426479639,2604,scenario_029:2604,2,7,duplication,SynVI,SynVI_loxPsym_12@0,SynVI_loxPsym_29@0,3,9,SynVI,SynVI_loxPsym_21@e2l17,SynVI_loxPsym_30@0,S000001894,1,True,True,False,True,True,,9.0,,False,True,True,False,0.0,4.7945263526603055e-05,4.7945263526603055e-05,True,,0.0,3.178347192188157e-06,True,final_pair_activation,False,,,,,False,,995.6807457100289,
scenario_059,partial_hic_fallback,1.0,0.09,2440376121,2318,scenario_059:2318,2,13,duplication,SynII,SynII_loxPsym_35@0,SynII_loxPsym_46@0,3,19,SynII,SynII_loxPsym_44@e2l17,SynII_loxPsym_48@0,S000000130;S000000131,1,True,True,False,True,True,,4.0,,False,True,True,False,0.0,4.71805043776824e-05,4.71805043776824e-05,True,,0.0,1.8765902521105911e-06,True,final_pair_activation,False,,,,,False,,995.6737625793489,
scenario_020,linear_distance,1.0,0.2,3518261095,2088,scenario_020:2088,1,3,duplication,SynII,SynII_loxPsym_28@0,SynII_loxPsym_29@0,4,16,SynII,SynII_loxPsym_29@e1l1,SynII_loxPsym_40@0,S000000146,3,True,False,False,True,True,,11.0,,False,True,True,False,0.0,4.64376167423503e-05,4.64376167423503e-05,True,,0.0,4.104538048283996e-06,True,final_pair_activation,False,,,,,False,,995.6668699229053,
scenario_013,linear_distance,1.0,0.05,4156490522,4251,scenario_013:4251,1,1,duplication,SynVI,SynVI_loxPsym_57@0,SynVI_loxPsym_63@0,3,11,SynVI,SynVI_loxPsym_55@0,SynVI_loxPsym_60@e1l5,S000001933,2,True,False,False,True,True,,11.0,,False,True,True,False,0.0,4.5972021769269946e-05,4.5972021769269946e-05,True,,0.0,1.0158462349362076e-06,True,final_pair_activation,False,,,,,False,,995.6624936036835,
scenario_021,linear_distance,1.0,0.25,92951844,2843,scenario_021:2843,2,3,duplication,SynII,SynII_loxPsym_151@0,SynII_loxPsym_156@0,4,8,SynII,SynII_loxPsym_152@e2l1,SynII_loxPsym_163@0,S000000325;S000000328,2,True,False,False,True,True,,11.0,,False,True,True,False,0.0,4.590540957901561e-05,4.590540957901561e-05,True,,0.0,5.071871508946698e-06,True,final_pair_activation,False,,,,,False,,995.6618638666241,
scenario_009,linear_distance,0.5,0.2,2160132656,4043,scenario_009:4043,1,2,duplication,SynII,SynII_loxPsym_102@0,SynII_loxPsym_209@0,2,7,SynII,SynII_loxPsym_209@e1l213,SynII_loxPsym_212@0,S000000400;S000000402,1,True,True,False,True,True,,3.0,,False,True,True,False,0.0,4.538328830292266e-05,4.538328830292266e-05,True,,0.0,4.01134783959975e-06,True,final_pair_activation,False,,,,,False,,995.6568959600389,
scenario_031,linear_distance,1.5,0.2,770846889,5392,scenario_031:5392,2,8,duplication,SynII,SynII_loxPsym_57@0,SynII_loxPsym_112@0,6,18,SynII,SynII_loxPsym_66@e2l17,SynII_loxPsym_75@e2l35,S000000100;S000000215,4,True,False,False,True,True,,9.0,,False,False,False,False,0.0,4.419930991187016e-05,4.419930991187016e-05,True,,0.0,0.0,False,final_pair_activation,False,,,,,False,,995.64541548872,
scenario_019,linear_distance,1.0,0.18,1673311115,4583,scenario_019:4583,2,6,duplication,SynII,SynII_loxPsym_74@0,SynII_loxPsym_96@0,4,9,SynII,SynII_loxPsym_90@e2l31,SynII_loxPsym_101@0,S000000242,2,True,False,False,True,True,,11.0,,False,True,True,False,0.0,4.4113283976130645e-05,4.4113283976130645e-05,True,,0.0,3.5091849818100462e-06,True,final_pair_activation,False,,,,,False,,995.6445693896674,
scenario_029,linear_distance,1.5,0.15,426479639,1411,scenario_029:1411,2,12,duplication,SynII,SynII_loxPsym_36@0,SynII_loxPsym_37@0,3,14,SynII,SynII_loxPsym_28@0,SynII_loxPsym_37@e2l1,S000000146,1,True,True,False,True,True,,10.0,,False,True,True,False,0.0,4.300058624194467e-05,4.300058624194467e-05,True,,0.0,2.8505587933351538e-06,True,final_pair_activation,False,,,,,False,,995.6334743765076,
scenario_020,linear_distance,1.0,0.2,3518261095,9921,scenario_020:9921,2,14,duplication,SynII,SynII_loxPsym_45@0,SynII_loxPsym_50@0,3,16,SynII,SynII_loxPsym_48@e2l5,SynII_loxPsym_59@0,S000000114;S000000116;S000000122,1,True,True,False,True,True,,11.0,,False,True,True,False,0.0,4.280911711162618e-05,4.280911711162618e-05,True,,0.0,3.783821443142002e-06,True,final_pair_activation,False,,,,,False,,995.6315362711068,
scenario_009,linear_distance,0.5,0.2,2160132656,6369,scenario_009:6369,2,13,duplication,SynII,SynII_loxPsym_206@0,SynII_loxPsym_215@0,3,20,SynII,SynII_loxPsym_213@e2l13,SynII_loxPsym_219@0,S000000415,1,True,True,False,True,True,,6.0,,False,True,True,False,0.0,4.2733116811628186e-05,4.2733116811628186e-05,True,,0.0,3.77710391229296e-06,True,final_pair_activation,False,,,,,False,,995.6307645699696,
scenario_019,linear_distance,1.0,0.18,1673311115,1744,scenario_019:1744,2,4,duplication,SynIII,SynIII_loxPsym_7@0,SynIII_loxPsym_44@0,4,14,SynIII,SynIII_loxPsym_12@0,SynIII_loxPsym_4@e2l5,S000000546;S000000548;S000000557;S000000564,2,True,False,False,True,True,,12.0,,False,True,True,False,0.0,4.258887833416049e-05,4.258887833416049e-05,True,,0.0,3.3879194376741187e-06,True,final_pair_activation,False,,,,,False,,995.6292962021846,
scenario_020,linear_distance,1.0,0.2,3518261095,7225,scenario_020:7225,1,2,duplication,SynII,SynII_loxPsym_31@0,SynII_loxPsym_37@0,3,17,SynII,SynII_loxPsym_33@e1l3,SynII_loxPsym_45@0,S000000136;S000000137,2,True,False,False,True,True,,12.0,,False,True,True,False,0.0,4.225295290416864e-05,4.225295290416864e-05,True,,0.0,3.7346630816509535e-06,True,final_pair_activation,False,,,,,False,,995.6258570655975,
scenario_005,linear_distance,0.5,0.1,3432696791,4798,scenario_005:4798,3,15,duplication,SynII,SynII_loxPsym_88@0,SynII_loxPsym_71@0,4,19,SynII,SynII_loxPsym_71@e3l33,SynII_loxPsym_65@0,S000000100,1,True,True,False,True,True,,6.0,,False,True,True,False,0.0,4.191340521492923e-05,4.191340521492923e-05,True,,0.0,1.852325533762037e-06,True,final_pair_activation,False,,,,,False,,995.6223529461113,
scenario_007,linear_distance,0.5,0.15,3791611920,5039,scenario_007:5039,1,5,duplication,SynII,SynII_loxPsym_55@0,SynII_loxPsym_88@0,2,17,SynII,SynII_loxPsym_86@e1l61,SynII_loxPsym_93@0,S000000233,1,True,True,False,True,True,,7.0,,False,True,True,False,0.0,4.181257139787139e-05,4.181257139787139e-05,True,,0.0,2.77180390982423e-06,True,final_pair_activation,False,,,,,False,,995.6213068767005,
scenario_055,partial_hic_fallback,0.5,0.3,1407851898,7400,scenario_055:7400,3,7,duplication,SynII,SynII_loxPsym_65@0,SynII_loxPsym_184@0,9,18,SynII,SynII_loxPsym_129@e3l107,SynII_loxPsym_131@e3l103,S000000283;S000000284,6,True,False,False,True,True,,2.0,,False,False,False,False,0.0,4.167909293923739e-05,4.167909293923739e-05,True,,0.0,0.0,False,final_pair_activation,False,,,,,False,,995.6199182588574,
scenario_084,partial_hic_fallback,2.0,0.15,1585545789,2691,scenario_084:2691,1,7,duplication,SynII,SynII_loxPsym_74@0,SynII_loxPsym_77@0,2,9,SynII,SynII_loxPsym_77@e1l5,SynII_loxPsym_79@0,S000000215,1,True,True,False,True,True,,2.0,,False,True,True,False,0.0,4.128976910747468e-05,4.128976910747468e-05,True,,0.0,2.7371467389270474e-06,True,final_pair_activation,False,,,,,False,,995.6158424543053,
scenario_052,partial_hic_fallback,0.5,0.18,4293388631,5409,scenario_052:5409,1,1,duplication,SynII,SynII_loxPsym_241@0,SynII_loxPsym_245@0,2,2,SynII,SynII_loxPsym_242@0,SynII_loxPsym_243@e1l3,S000000457;S000000458,1,True,True,False,True,True,,5.0,,False,True,True,False,0.0,4.1122687271562425e-05,4.1122687271562425e-05,True,,0.0,3.2712848280151047e-06,True,final_pair_activation,False,,,,,False,,995.6140814870446,
scenario_048,partial_hic_fallback,0.5,0.09,1982738802,912,scenario_048:912,3,13,duplication,SynII,SynII_loxPsym_37@0,SynII_loxPsym_42@0,4,18,SynII,SynII_loxPsym_38@e3l1,SynII_loxPsym_43@0,S000000136;S000000137,1,True,True,False,True,True,,5.0,,False,True,True,False,0.0,4.099502117531959e-05,4.099502117531959e-05,True,,0.0,1.6305645337497134e-06,True,final_pair_activation,False,,,,,False,,995.6127311150763,
scenario_019,linear_distance,1.0,0.18,1673311115,6012,scenario_019:6012,1,3,duplication,SynII,SynII_loxPsym_220@0,SynII_loxPsym_237@0,3,10,SynII,SynII_loxPsym_234@e1l27,SynII_loxPsym_246@0,S000000451;S000000457;S000000458;S000000460;S000000461,2,True,False,False,True,True,,12.0,,False,True,True,False,0.0,4.095830189864943e-05,4.095830189864943e-05,True,,0.0,3.2582080713137064e-06,True,final_pair_activation,False,,,,,False,,995.6123419428083,
scenario_033,linear_distance,1.5,0.3,2308636446,4651,scenario_033:4651,3,9,duplication,SynIII,SynIII_loxPsym_7@0,SynIII_loxPsym_32@0,4,13,SynIII,SynIII_loxPsym_27@e3l39,SynIII_loxPsym_37@0,S000000510,1,True,True,False,True,True,,10.0,,False,True,True,False,0.0,4.081599968892347e-05,4.081599968892347e-05,True,,0.0,5.4114800280808406e-06,True,final_pair_activation,False,,,,,False,,995.6108304379558,
scenario_011,linear_distance,0.5,0.3,3346694520,7094,scenario_011:7094,1,2,duplication,SynVI,SynVI_loxPsym_29@0,SynVI_loxPsym_54@0,2,3,SynVI,SynVI_loxPsym_51@e1l43,SynVI_loxPsym_60@0,S000001933,1,True,True,False,True,True,,9.0,,False,True,True,False,0.0,4.049115892158416e-05,4.049115892158416e-05,True,,0.0,5.368411884750758e-06,True,final_pair_activation,False,,,,,False,,995.6073602071474,
scenario_031,linear_distance,1.5,0.2,770846889,4244,scenario_031:4244,1,7,duplication,SynII,SynII_loxPsym_216@0,SynII_loxPsym_249@0,3,12,SynII,SynII_loxPsym_245@e1l57,SynII_loxPsym_255@0,S000000469,2,True,False,False,True,True,,10.0,,False,True,True,False,0.0,3.999849377318071e-05,3.999849377318071e-05,True,,0.0,3.535395463487376e-06,True,final_pair_activation,False,,,,,False,,995.6020436373701,
scenario_013,linear_distance,1.0,0.05,4156490522,2463,scenario_013:2463,1,6,duplication,SynII,SynII_loxPsym_106@0,SynII_loxPsym_162@0,3,20,SynII,SynII_loxPsym_162@e1l111,SynII_loxPsym_173@0,S000000340;S000000344;S000000346;S000000347,2,True,False,False,True,True,,11.0,,False,True,True,False,0.0,3.99611714546866e-05,3.99611714546866e-05,True,,0.0,8.830241525948944e-07,True,final_pair_activation,False,,,,,False,,995.6016382110066,
scenario_014,linear_distance,1.0,0.07,1740433454,3057,scenario_014:3057,1,9,duplication,SynII,SynII_loxPsym_222@0,SynII_loxPsym_223@0,2,13,SynII,SynII_loxPsym_211@0,SynII_loxPsym_223@e1l1,S000000415,1,True,True,False,True,True,,13.0,,False,True,True,False,0.0,3.980367149344312e-05,3.980367149344312e-05,True,,0.0,1.2313614144851989e-06,True,final_pair_activation,False,,,,,False,,995.5999231332747,
scenario_062,partial_hic_fallback,1.0,0.15,3687257994,9643,scenario_062:9643,3,15,duplication,SynII,SynII_loxPsym_184@0,SynII_loxPsym_179@0,5,18,SynII,SynII_loxPsym_182@e3l3,SynII_loxPsym_197@0,S000000356;S000000357;S000000358;S000000359,2,True,False,False,True,True,,5.0,,False,True,True,False,0.0,3.960969169897712e-05,3.960969169897712e-05,True,,0.0,2.625772456647963e-06,True,final_pair_activation,False,,,,,False,,995.5978014620974,
scenario_033,linear_distance,1.5,0.3,2308636446,1897,scenario_033:1897,1,3,duplication,SynVI,SynVI_loxPsym_8@0,SynVI_loxPsym_53@0,2,4,SynVI,SynVI_loxPsym_47@e1l77,SynVI_loxPsym_57@0,S000001927,1,True,True,False,True,True,,10.0,,False,True,True,False,0.0,3.9203475482735423e-05,3.9203475482735423e-05,True,,0.0,5.1976878239675215e-06,True,final_pair_activation,False,,,,,False,,995.5933245699813,
scenario_005,linear_distance,0.5,0.1,3432696791,7681,scenario_005:7681,1,2,duplication,SynII,SynII_loxPsym_187@0,SynII_loxPsym_208@0,2,18,SynII,SynII_loxPsym_201@e1l27,SynII_loxPsym_210@0,S000000400;S000000402,1,True,True,False,True,True,,9.0,,False,True,True,False,0.0,3.919133392669727e-05,3.919133392669727e-05,True,,0.0,1.7320260227569851e-06,True,final_pair_activation,False,,,,,False,,995.5931900454925,
scenario_064,partial_hic_fallback,1.0,0.2,4261704054,9205,scenario_064:9205,1,3,duplication,SynII,SynII_loxPsym_17@0,SynII_loxPsym_187@0,3,5,SynII,SynII_loxPsym_144@e1l253,SynII_loxPsym_148@e1l261,S000000306,2,True,False,False,True,True,,4.0,,False,False,False,False,0.0,3.915117799078158e-05,3.915117799078158e-05,True,,0.0,0.0,False,final_pair_activation,False,,,,,False,,995.5927448337554,
scenario_009,linear_distance,0.5,0.2,2160132656,3451,scenario_009:3451,1,6,duplication,SynII,SynII_loxPsym_36@0,SynII_loxPsym_47@0,2,10,SynII,SynII_loxPsym_42@e1l11,SynII_loxPsym_52@0,S000000122;S000000126,1,True,True,False,True,True,,10.0,,False,True,True,False,0.0,3.8890445182563294e-05,3.8890445182563294e-05,True,,0.0,3.437457026535057e-06,True,final_pair_activation,False,,,,,False,,995.5898429145855,
scenario_086,partial_hic_fallback,2.0,0.2,780218145,666,scenario_086:666,1,3,duplication,SynII,SynII_loxPsym_5@0,SynII_loxPsym_269@0,5,18,SynII,SynII_loxPsym_249@e1l487,SynII_loxPsym_251@e1l491,S000000469,4,True,False,False,True,True,,2.0,,False,False,False,False,0.0,3.8868083359890674e-05,3.8868083359890674e-05,True,,0.0,0.0,False,final_pair_activation,False,,,,,False,,995.5895931254847,
scenario_029,linear_distance,1.5,0.15,426479639,4495,scenario_029:4495,6,14,duplication,SynIII,SynIII_loxPsym_83@0,SynIII_loxPsym_90@0,7,15,SynIII,SynIII_loxPsym_80@0,SynIII_loxPsym_84@e6l1,S000000668,1,True,True,False,True,True,,11.0,,False,True,True,False,0.0,3.765400291345113e-05,3.765400291345113e-05,True,,0.0,2.4961275761516564e-06,True,final_pair_activation,False,,,,,False,,995.5758111518732,
scenario_029,linear_distance,1.5,0.15,426479639,3025,scenario_029:3025,2,9,duplication,SynII,SynII_loxPsym_81@0,SynII_loxPsym_91@0,4,12,SynII,SynII_loxPsym_82@e2l1,SynII_loxPsym_93@0,S000000233,2,True,False,False,True,True,,11.0,,False,True,True,False,0.0,3.703841790701296e-05,3.703841790701296e-05,True,,0.0,2.4553197312707898e-06,True,final_pair_activation,False,,,,,False,,995.5686524275528,
scenario_009,linear_distance,0.5,0.2,2160132656,7191,scenario_009:7191,1,6,duplication,SynIII,SynIII_loxPsym_20@0,SynIII_loxPsym_25@0,4,13,SynIII,SynIII_loxPsym_14@0,SynIII_loxPsym_21@e1l1,S000000536,3,True,False,False,True,True,,12.0,,False,True,True,False,0.0,3.697243294052459e-05,3.697243294052459e-05,True,,0.0,3.2679273482959344e-06,True,final_pair_activation,False,,,,,False,,995.5678780299045,
scenario_007,linear_distance,0.5,0.15,3791611920,89,scenario_007:89,1,3,duplication,SynII,SynII_loxPsym_184@0,SynII_loxPsym_200@0,2,7,SynII,SynII_loxPsym_199@e1l29,SynII_loxPsym_210@0,S000000394;S000000396;S000000397;S000000400;S000000402,1,True,True,False,True,True,,11.0,,False,True,True,False,0.0,3.649452373508516e-05,3.649452373508516e-05,True,,0.0,2.419264355055472e-06,True,final_pair_activation,False,,,,,False,,995.562227700345,
scenario_010,linear_distance,0.5,0.25,1175439774,9547,scenario_010:9547,1,4,duplication,SynII,SynII_loxPsym_29@0,SynII_loxPsym_38@0,2,5,SynII,SynII_loxPsym_35@0,SynII_loxPsym_38@e1l17,S000000146,1,True,True,False,True,True,,12.0,,False,True,True,False,0.0,3.606469061772048e-05,3.606469061772048e-05,True,,0.0,3.984617030987314e-06,True,final_pair_activation,False,,,,,False,,995.5570822109308,
scenario_011,linear_distance,0.5,0.3,3346694520,5587,scenario_011:5587,2,10,duplication,SynVI,SynVI_loxPsym_9@0,SynVI_loxPsym_28@0,5,15,SynVI,SynVI_loxPsym_19@e2l19,SynVI_loxPsym_31@0,S000001894,3,True,False,False,True,True,,12.0,,False,True,True,False,0.0,3.5981080758024976e-05,3.5981080758024976e-05,True,,0.0,4.770455247814403e-06,True,final_pair_activation,False,,,,,False,,995.55607420404,
scenario_010,linear_distance,0.5,0.25,1175439774,7229,scenario_010:7229,1,9,duplication,SynVI,SynVI_loxPsym_35@0,SynVI_loxPsym_56@0,3,15,SynVI,SynVI_loxPsym_55@e1l39,SynVI_loxPsym_67@0,S000001933;S000001938;S000001948,2,True,False,False,True,True,,12.0,,False,True,True,False,0.0,3.582563388691509e-05,3.582563388691509e-05,True,,0.0,3.958204783866269e-06,True,final_pair_activation,False,,,,,False,,995.5541938834002,
scenario_021,linear_distance,1.0,0.25,92951844,6227,scenario_021:6227,3,7,duplication,SynII,SynII_loxPsym_59@0,SynII_loxPsym_75@0,7,18,SynII,SynII_loxPsym_73@e3l27,SynII_loxPsym_87@0,S000000215,4,True,False,False,True,True,,14.0,,False,True,True,False,0.0,3.5523448821728486e-05,3.5523448821728486e-05,True,,0.0,3.924817785762896e-06,True,final_pair_activation,False,,,,,False,,995.5505151229719,
scenario_021,linear_distance,1.0,0.25,92951844,2701,scenario_021:2701,1,3,duplication,SynII,SynII_loxPsym_6@0,SynII_loxPsym_251@0,3,6,SynII,SynII_loxPsym_202@e1l391,SynII_loxPsym_210@e1l407,S000000394;S000000396;S000000397;S000000400;S000000402,2,True,False,False,True,True,,8.0,,False,False,False,False,0.0,3.530150883553853e-05,3.530150883553853e-05,True,,0.0,0.0,False,final_pair_activation,False,,,,,False,,995.5477932681341,
scenario_019,linear_distance,1.0,0.18,1673311115,9194,scenario_019:9194,1,1,duplication,SynII,SynII_loxPsym_145@0,SynII_loxPsym_165@0,2,11,SynII,SynII_loxPsym_165@e1l39,SynII_loxPsym_179@0,S000000340;S000000344;S000000346;S000000347;S000000356;S000000357;S000000358;S000000359,1,True,True,False,True,True,,14.0,,False,True,True,False,0.0,3.520166711004667e-05,3.520166711004667e-05,True,,0.0,2.80027126577321e-06,True,final_pair_activation,False,,,,,False,,995.5465632316472,
scenario_003,linear_distance,0.5,0.07,2525498675,1693,scenario_003:1693,2,9,duplication,SynVI,SynVI_loxPsym_29@0,SynVI_loxPsym_61@0,3,13,SynVI,SynVI_loxPsym_57@e2l55,SynVI_loxPsym_69@0,S000001948,1,True,True,False,True,True,,12.0,,False,True,True,False,0.0,3.49619261844817e-05,3.49619261844817e-05,True,,0.0,1.081577785776427e-06,True,final_pair_activation,False,,,,,False,,995.5435953515438,
scenario_053,partial_hic_fallback,0.5,0.2,992375073,394,scenario_053:394,1,7,duplication,SynII,SynII_loxPsym_79@0,SynII_loxPsym_90@0,3,15,SynII,SynII_loxPsym_87@e1l15,SynII_loxPsym_94@0,S000000233,2,True,False,False,True,True,,7.0,,False,True,True,False,0.0,3.4849203425629536e-05,3.4849203425629536e-05,True,,0.0,3.0802588816414324e-06,True,final_pair_activation,True,0.7989858994021525,0.7983770280646898,0.0706209373821659,0.070567120331541,False,-0.0010998323380801,995.5421928555529,
scenario_020,linear_distance,1.0,0.2,3518261095,8586,scenario_020:8586,1,1,duplication,SynII,SynII_loxPsym_147@0,SynII_loxPsym_227@0,7,19,SynII,SynII_loxPsym_227@e1l159,SynII_loxPsym_239@0,S000000440;S000000441;S000000447;S000000451;S000007595,6,True,False,False,True,True,,12.0,,False,True,True,False,0.0,3.472446791160932e-05,3.472446791160932e-05,True,,0.0,3.069233732221968e-06,True,final_pair_activation,False,,,,,False,,995.5406355996992,
scenario_021,linear_distance,1.0,0.25,92951844,8752,scenario_021:8752,2,6,duplication,SynII,SynII_loxPsym_31@0,SynII_loxPsym_33@0,7,18,SynII,SynII_loxPsym_32@e2l1,SynII_loxPsym_47@0,S000000130;S000000131;S000000136;S000000137;S000000146,5,True,False,False,True,True,,15.0,,False,True,True,False,0.0,3.4627623151503826e-05,3.4627623151503826e-05,True,,0.0,3.825842245941714e-06,True,final_pair_activation,False,,,,,False,,995.5394226824934,
scenario_010,linear_distance,0.5,0.25,1175439774,7913,scenario_010:7913,1,4,duplication,SynVI,SynVI_loxPsym_2@0,SynVI_loxPsym_22@0,3,7,SynVI,SynVI_loxPsym_20@e1l35,SynVI_loxPsym_33@0,S000001877;S000001885;S000001889;S000001894;S000001898;S000001899;S000001900;S000001901;S000002965,2,True,False,False,True,True,,13.0,,False,True,True,False,0.0,3.45974121369427e-05,3.45974121369427e-05,True,,0.0,3.822504373882317e-06,True,final_pair_activation,False,,,,,False,,995.5390436150738,
scenario_011,linear_distance,0.5,0.3,3346694520,6401,scenario_011:6401,1,13,duplication,SynIII,SynIII_loxPsym_59@0,SynIII_loxPsym_64@0,3,18,SynIII,SynIII_loxPsym_63@e1l7,SynIII_loxPsym_77@0,S000000631;S000000635;S000000638;S000000648;S000000650;S000000653,2,True,False,False,True,True,,14.0,,False,True,True,False,0.0,3.441946190557568e-05,3.441946190557568e-05,True,,0.0,4.563412193720173e-06,True,final_pair_activation,False,,,,,False,,995.53680407653,
scenario_010,linear_distance,0.5,0.25,1175439774,8584,scenario_010:8584,3,11,duplication,SynVI,SynVI_loxPsym_21@0,SynVI_loxPsym_25@0,4,12,SynVI,SynVI_loxPsym_25@e3l7,SynVI_loxPsym_40@0,S000001885;S000001889;S000001894;S000001898;S000001899;S000001900;S000001901,1,True,True,False,True,True,,15.0,,False,True,True,False,0.0,3.4018305946542425e-05,3.4018305946542425e-05,True,,0.0,3.758521670870155e-06,True,final_pair_activation,False,,,,,False,,995.5317126826926,
scenario_020,linear_distance,1.0,0.2,3518261095,4610,scenario_020:4610,1,6,duplication,SynII,SynII_loxPsym_119@0,SynII_loxPsym_132@0,2,11,SynII,SynII_loxPsym_123@e1l7,SynII_loxPsym_138@0,S000000291;S000000292;S000000293,1,True,True,False,True,True,,15.0,,False,True,True,False,0.0,3.3654475522311855e-05,3.3654475522311855e-05,True,,0.0,2.974659014970372e-06,True,final_pair_activation,False,,,,,False,,995.5270428268185,
scenario_044,linear_distance,2.0,0.3,3171143693,9364,scenario_044:9364,1,1,duplication,SynIII,SynIII_loxPsym_8@0,SynIII_loxPsym_10@0,2,2,SynIII,SynIII_loxPsym_2@0,SynIII_loxPsym_9@e1l1,S000000557;S000000564,1,True,True,False,True,True,,9.0,,False,True,True,False,0.0,3.356185438045642e-05,3.356185438045642e-05,True,,0.0,4.449708596369005e-06,True,final_pair_activation,False,,,,,False,,995.5258459487285,
scenario_021,linear_distance,1.0,0.25,92951844,4516,scenario_021:4516,1,1,duplication,SynII,SynII_loxPsym_71@0,SynII_loxPsym_85@0,2,3,SynII,SynII_loxPsym_80@e1l17,SynII_loxPsym_95@0,S000000233,1,True,True,False,True,True,,15.0,,False,True,True,False,0.0,3.355981166043618e-05,3.355981166043618e-05,True,,0.0,3.707864806503997e-06,True,final_pair_activation,False,,,,,False,,995.5258195148783,
scenario_027,linear_distance,1.5,0.1,140491699,2794,scenario_027:2794,2,7,duplication,SynII,SynII_loxPsym_24@0,SynII_loxPsym_25@0,3,9,SynII,SynII_loxPsym_14@0,SynII_loxPsym_25@e2l1,S000000169;S000000170;S000000172;S000000173;S000000180,1,True,True,False,True,True,,12.0,,False,True,True,False,0.0,3.346943459326227e-05,3.346943459326227e-05,True,,0.0,1.479151788783688e-06,True,final_pair_activation,False,,,,,False,,995.5246483757847,
scenario_011,linear_distance,0.5,0.3,3346694520,456,scenario_011:456,1,6,duplication,SynII,SynII_loxPsym_67@0,SynII_loxPsym_70@0,2,12,SynII,SynII_loxPsym_70@e1l5,SynII_loxPsym_85@0,S000000208;S000000215,1,True,True,False,True,True,,15.0,,False,True,True,False,0.0,3.331416766639956e-05,3.331416766639956e-05,True,,0.0,4.416869716602368e-06,True,final_pair_activation,False,,,,,False,,995.5226289671642,
scenario_032,linear_distance,1.5,0.25,2950421996,153,scenario_032:153,6,10,duplication,SynII,SynII_loxPsym_154@0,SynII_loxPsym_162@0,8,17,SynII,SynII_loxPsym_156@e6l3,SynII_loxPsym_168@0,S000000325;S000000328,2,True,False,False,True,True,,12.0,,False,True,True,False,0.0,3.3251929785596474e-05,3.3251929785596474e-05,True,,0.0,3.6738483948557623e-06,True,final_pair_activation,False,,,,,False,,995.5218168547794,
scenario_041,linear_distance,2.0,0.18,1764842416,3813,scenario_041:3813,2,11,duplication,SynVI,SynVI_loxPsym_8@0,SynVI_loxPsym_12@0,3,13,SynVI,SynVI_loxPsym_10@e2l3,SynVI_loxPsym_19@0,S000001865;S000001870;S000001872,1,True,True,False,True,True,,9.0,,False,True,True,False,0.0,3.320751691279184e-05,3.320751691279184e-05,True,,0.0,2.641637827204758e-06,True,final_pair_activation,False,,,,,False,,995.5212364025062,
scenario_022,linear_distance,1.0,0.3,1561271711,3065,scenario_022:3065,3,6,duplication,SynII,SynII_loxPsym_36@0,SynII_loxPsym_211@0,4,15,SynII,SynII_loxPsym_209@e3l345,SynII_loxPsym_219@0,S000000415,1,True,True,False,True,True,,10.0,,False,True,True,False,0.0,3.317181598310185e-05,3.317181598310185e-05,True,,0.0,4.397996399839327e-06,True,final_pair_activation,False,,,,,False,,995.5207692475175,
scenario_033,linear_distance,1.5,0.3,2308636446,3530,scenario_033:3530,1,6,duplication,SynII,SynII_loxPsym_108@0,SynII_loxPsym_114@0,4,13,SynII,SynII_loxPsym_104@0,SynII_loxPsym_110@e1l3,S000000253,3,True,False,False,True,True,,12.0,,False,True,True,False,0.0,3.308218774030188e-05,3.308218774030188e-05,True,,0.0,4.386113279260128e-06,True,final_pair_activation,False,,,,,False,,995.5195942219242,
scenario_028,linear_distance,1.5,0.12,2157732798,7008,scenario_028:7008,1,4,duplication,SynIII,SynIII_loxPsym_6@0,SynIII_loxPsym_13@0,2,8,SynIII,SynIII_loxPsym_12@e1l11,SynIII_loxPsym_24@0,S000000536,1,True,True,False,True,True,,12.0,,False,True,True,False,0.0,3.3032825971489146e-05,3.3032825971489146e-05,True,,0.0,1.751827512526114e-06,True,final_pair_activation,False,,,,,False,,995.5189457293476,
scenario_011,linear_distance,0.5,0.3,3346694520,19,scenario_011:19,5,15,duplication,SynIII,SynIII_loxPsym_46@0,SynIII_loxPsym_65@0,6,17,SynIII,SynIII_loxPsym_64@e5l35,SynIII_loxPsym_74@0,S000000631;S000000635;S000000638;S000000648;S000000650;S000000653,1,True,True,False,True,True,,10.0,,False,True,True,False,0.0,3.299923905041384e-05,3.299923905041384e-05,True,,0.0,4.3751157493183e-06,True,final_pair_activation,False,,,,,False,,995.518503925332,
scenario_010,linear_distance,0.5,0.25,1175439774,1621,scenario_010:1621,1,7,duplication,SynIII,SynIII_loxPsym_40@0,SynIII_loxPsym_79@0,2,19,SynIII,SynIII_loxPsym_79@e1l77,SynIII_loxPsym_92@0,S000000668,1,True,True,False,True,True,,13.0,,False,True,True,False,0.0,3.270674672288959e-05,3.270674672288959e-05,True,,0.0,3.613613697719604e-06,True,final_pair_activation,False,,,,,False,,995.5146373478375,
scenario_008,linear_distance,0.5,0.18,732349602,7134,scenario_008:7134,3,9,duplication,SynII,SynII_loxPsym_123@0,SynII_loxPsym_107@0,5,19,SynII,SynII_loxPsym_94@0,SynII_loxPsym_108@e3l29,S000000242,2,True,False,False,True,True,,14.0,,False,True,True,False,0.0,3.2641694351251966e-05,3.2641694351251966e-05,True,,0.0,2.5966269856541858e-06,True,final_pair_activation,False,,,,,False,,995.513772693841,
scenario_028,linear_distance,1.5,0.12,2157732798,7883,scenario_028:7883,2,8,duplication,SynII,SynII_loxPsym_152@0,SynII_loxPsym_167@0,3,13,SynII,SynII_loxPsym_158@e2l11,SynII_loxPsym_170@0,S000000340,1,True,True,False,True,True,,12.0,,False,True,True,False,0.0,3.240660714283913e-05,3.240660714283913e-05,True,,0.0,1.7186172938836696e-06,True,final_pair_activation,False,,,,,False,,995.5106335643159,
scenario_021,linear_distance,1.0,0.25,92951844,4292,scenario_021:4292,2,5,duplication,SynII,SynII_loxPsym_89@0,SynII_loxPsym_94@0,5,14,SynII,SynII_loxPsym_91@e2l3,SynII_loxPsym_107@0,S000000242,3,True,False,False,True,True,,16.0,,False,True,True,False,0.0,3.2403818526363965e-05,3.2403818526363965e-05,True,,0.0,3.5801445945506112e-06,True,final_pair_activation,False,,,,,False,,995.5105961912934,
scenario_015,linear_distance,1.0,0.09,1595675989,3026,scenario_015:3026,1,11,duplication,SynII,SynII_loxPsym_131@0,SynII_loxPsym_139@0,2,13,SynII,SynII_loxPsym_124@0,SynII_loxPsym_132@e1l1,S000000283;S000000284,1,True,True,False,True,True,,16.0,,False,True,True,False,0.0,3.2127003435611786e-05,3.2127003435611786e-05,True,,0.0,1.2778418177596022e-06,True,final_pair_activation,False,,,,,False,,995.5068702197293,
scenario_052,partial_hic_fallback,0.5,0.18,4293388631,4773,scenario_052:4773,1,8,duplication,SynII,SynII_loxPsym_38@0,SynII_loxPsym_40@0,2,13,SynII,SynII_loxPsym_33@0,SynII_loxPsym_40@e1l3,S000000146,1,True,True,False,True,True,,9.0,,False,True,True,False,0.0,3.2052550487858515e-05,3.2052550487858515e-05,True,,0.0,2.549760948687532e-06,True,final_pair_activation,False,,,,,False,,995.5058625929416,
scenario_009,linear_distance,0.5,0.2,2160132656,4376,scenario_009:4376,1,1,duplication,SynII,SynII_loxPsym_98@0,SynII_loxPsym_104@0,2,2,SynII,SynII_loxPsym_100@e1l3,SynII_loxPsym_116@0,S000000253;S000000259,1,True,True,False,True,True,,16.0,,False,True,True,False,0.0,3.1924917383364174e-05,3.1924917383364174e-05,True,,0.0,2.8217864584949277e-06,True,final_pair_activation,False,,,,,False,,995.5041297820515,
scenario_005,linear_distance,0.5,0.1,3432696791,6005,scenario_005:6005,1,1,duplication,SynVI,SynVI_loxPsym_10@0,SynVI_loxPsym_23@0,2,6,SynVI,SynVI_loxPsym_12@0,SynVI_loxPsym_15@e1l9,S000001865,1,True,True,False,True,True,,16.0,,False,True,True,False,0.0,3.18688982603353e-05,3.18688982603353e-05,True,,0.0,1.4084175141049397e-06,True,final_pair_activation,True,0.8277880826113235,0.8169260056123865,0.036583355470691,0.0361033156726444,False,-0.0190560688552283,995.5033670497389,
scenario_009,linear_distance,0.5,0.2,2160132656,8040,scenario_009:8040,1,7,duplication,SynIII,SynIII_loxPsym_17@0,SynIII_loxPsym_58@0,2,10,SynIII,SynIII_loxPsym_57@e1l79,SynIII_loxPsym_71@0,S000000631;S000000635;S000000638,1,True,True,False,True,True,,14.0,,False,True,True,False,0.0,3.1433935364700376e-05,3.1433935364700376e-05,True,,0.0,2.778389434314938e-06,True,final_pair_activation,True,0.8277880826113235,0.7529609853603351,0.0731667109413821,0.0665528773888684,False,-0.1366863650638327,995.4973987558245,
scenario_011,linear_distance,0.5,0.3,3346694520,5206,scenario_011:5206,4,10,duplication,SynII,SynII_loxPsym_173@0,SynII_loxPsym_163@0,7,15,SynII,SynII_loxPsym_169@0,SynII_loxPsym_163@e4l19,S000000340,3,True,False,False,True,True,,16.0,,False,True,True,False,0.0,3.141016550835027e-05,3.141016550835027e-05,True,,0.0,4.164432688715417e-06,True,final_pair_activation,False,,,,,False,,995.4970702248154,
scenario_006,linear_distance,0.5,0.12,2826128352,1392,scenario_006:1392,2,3,duplication,SynII,SynII_loxPsym_124@0,SynII_loxPsym_169@0,4,6,SynII,SynII_loxPsym_165@e2l81,SynII_loxPsym_177@0,S000000344;S000000346;S000000347,2,True,False,False,True,True,,12.0,,False,True,True,False,0.0,3.1336357237797035e-05,3.1336357237797035e-05,True,,0.0,1.6618588067185255e-06,True,final_pair_activation,False,,,,,False,,995.4960485095712,
scenario_020,linear_distance,1.0,0.2,3518261095,4022,scenario_020:4022,2,7,duplication,SynII,SynII_loxPsym_70@0,SynII_loxPsym_72@0,4,16,SynII,SynII_loxPsym_56@0,SynII_loxPsym_71@e2l1,S000000100;S000000110;S000000114,2,True,False,False,True,True,,17.0,,False,True,True,False,0.0,3.095841116156687e-05,3.095841116156687e-05,True,,0.0,2.736358698855997e-06,True,final_pair_activation,False,,,,,False,,995.4907786638497,
scenario_008,linear_distance,0.5,0.18,732349602,7641,scenario_008:7641,1,1,duplication,SynII,SynII_loxPsym_148@0,SynII_loxPsym_234@0,2,11,SynII,SynII_loxPsym_233@e1l169,SynII_loxPsym_242@0,S000000447;S000000451,1,True,True,False,True,True,,9.0,,False,True,True,False,0.0,3.081981600478401e-05,3.081981600478401e-05,True,,0.0,2.4516976683181737e-06,True,final_pair_activation,False,,,,,False,,995.4888300416392,
scenario_011,linear_distance,0.5,0.3,3346694520,8974,scenario_011:8974,1,9,duplication,SynII,SynII_loxPsym_14@0,SynII_loxPsym_68@0,3,14,SynII,SynII_loxPsym_59@e1l89,SynII_loxPsym_71@0,S000000100,2,True,False,False,True,True,,12.0,,False,True,True,False,0.0,3.030370692604212e-05,3.030370692604212e-05,True,,0.0,4.017735840281147e-06,True,final_pair_activation,False,,,,,False,,995.481495757184,
scenario_008,linear_distance,0.5,0.18,732349602,9864,scenario_008:9864,1,2,duplication,SynII,SynII_loxPsym_79@0,SynII_loxPsym_144@0,4,12,SynII,SynII_loxPsym_128@e1l97,SynII_loxPsym_139@e1l119,S000000283;S000000284;S000000291;S000000292;S000000293;S000000295,3,True,False,False,True,True,,11.0,,False,False,False,False,0.0,3.030059808213713e-05,3.030059808213713e-05,True,,0.0,0.0,False,final_pair_activation,False,,,,,False,,995.4814512008194,
scenario_007,linear_distance,0.5,0.15,3791611920,867,scenario_007:867,2,4,duplication,SynII,SynII_loxPsym_49@0,SynII_loxPsym_257@0,4,15,SynII,SynII_loxPsym_176@e2l253,SynII_loxPsym_180@e2l261,S000000356;S000000357;S000000358;S000000359,2,True,False,False,True,True,,4.0,,False,False,False,False,0.0,2.988909022902633e-05,2.988909022902633e-05,True,,0.0,0.0,False,final_pair_activation,False,,,,,False,,995.4755126960855,
scenario_011,linear_distance,0.5,0.3,3346694520,9041,scenario_011:9041,1,4,duplication,SynII,SynII_loxPsym_63@0,SynII_loxPsym_72@0,3,9,SynII,SynII_loxPsym_89@0,SynII_loxPsym_71@e1l15,S000000208;S000000215,2,True,False,False,True,True,,18.0,,False,True,True,False,0.0,2.9831637057938333e-05,2.9831637057938333e-05,True,,0.0,3.955147720853176e-06,True,final_pair_activation,False,,,,,False,,995.4746770866078,
scenario_052,partial_hic_fallback,0.5,0.18,4293388631,6877,scenario_052:6877,2,9,duplication,SynII,SynII_loxPsym_217@0,SynII_loxPsym_229@0,3,10,SynII,SynII_loxPsym_225@e2l15,SynII_loxPsym_235@0,S000000440;S000000441;S000007595,1,True,True,False,True,True,,10.0,,False,True,True,False,0.0,2.9627995703382944e-05,2.9627995703382944e-05,True,,0.0,2.356889086282976e-06,True,final_pair_activation,False,,,,,False,,995.4717022729986,
scenario_030,linear_distance,1.5,0.18,3754543510,4208,scenario_030:4208,1,3,duplication,SynII,SynII_loxPsym_102@0,SynII_loxPsym_108@0,2,13,SynII,SynII_loxPsym_97@0,SynII_loxPsym_104@e1l3,S000000242,1,True,True,False,True,True,,13.0,,False,True,True,False,0.0,2.960173707492758e-05,2.960173707492758e-05,True,,0.0,2.3548002283174623e-06,True,final_pair_activation,False,,,,,False,,995.4713171968671,
scenario_018,linear_distance,1.0,0.15,1037225636,6347,scenario_018:6347,1,4,duplication,SynIII,SynIII_loxPsym_24@0,SynIII_loxPsym_45@0,2,9,SynIII,SynIII_loxPsym_31@e1l13,SynIII_loxPsym_48@0,S000000605;S000000606,1,True,True,False,True,True,,17.0,,False,True,True,False,0.0,2.956002434904245e-05,2.956002434904245e-05,True,,0.0,1.95956833856304e-06,True,final_pair_activation,False,,,,,False,,995.4707047874579,
scenario_020,linear_distance,1.0,0.2,3518261095,4100,scenario_020:4100,3,6,duplication,SynIII,SynIII_loxPsym_12@0,SynIII_loxPsym_82@0,5,10,SynIII,SynIII_loxPsym_73@e3l121,SynIII_loxPsym_88@0,S000000668,2,True,False,False,True,True,,15.0,,False,True,True,False,0.0,2.943083338633232e-05,2.943083338633232e-05,True,,0.0,2.601338826174954e-06,True,final_pair_activation,False,,,,,False,,995.4688025600935,
scenario_012,linear_distance,1.0,0.03,280539570,6028,scenario_012:6028,1,3,duplication,SynIII,SynIII_loxPsym_46@0,SynIII_loxPsym_70@0,2,7,SynIII,SynIII_loxPsym_63@e1l33,SynIII_loxPsym_80@0,S000000648;S000000650;S000000653,1,True,True,False,True,True,,17.0,,False,True,True,False,0.0,2.935416398544707e-05,2.935416398544707e-05,True,,0.0,3.8918432320393436e-07,True,final_pair_activation,True,0.6576292942806444,0.6226048756696969,0.0087190019085735,0.0082546400327091,False,-0.0789576909904801,995.4676697160652,
scenario_055,partial_hic_fallback,0.5,0.3,1407851898,1232,scenario_055:1232,6,12,duplication,SynII,SynII_loxPsym_181@0,SynII_loxPsym_180@0,8,18,SynII,SynII_loxPsym_180@e6l1,SynII_loxPsym_169@0,S000000344;S000000346;S000000347;S000000356;S000000357;S000000358;S000000359,2,True,False,False,True,True,,11.0,,False,True,True,False,0.0,2.93512818190586e-05,2.93512818190586e-05,True,,0.0,3.89146110772614e-06,True,final_pair_activation,False,,,,,False,,995.4676270723567,
scenario_011,linear_distance,0.5,0.3,3346694520,8962,scenario_011:8962,3,13,duplication,SynII,SynII_loxPsym_28@0,SynII_loxPsym_21@0,4,15,SynII,SynII_loxPsym_25@e3l5,SynII_loxPsym_180@0,S000000172;S000000173;S000000180;S000000188;S000000193,1,True,True,False,True,True,,19.0,,False,True,True,False,0.0,2.9313566208234912e-05,2.9313566208234912e-05,True,,0.0,3.886460684454022e-06,True,final_pair_activation,False,,,,,False,,995.4670686567306,
scenario_019,linear_distance,1.0,0.18,1673311115,6940,scenario_019:6940,1,10,duplication,SynIII,SynIII_loxPsym_5@0,SynIII_loxPsym_32@0,4,18,SynIII,SynIII_loxPsym_18@e1l25,SynIII_loxPsym_35@0,S000000510,3,True,False,False,True,True,,17.0,,False,True,True,False,0.0,2.9150049695835318e-05,2.9150049695835318e-05,True,,0.0,2.318868771297818e-06,True,final_pair_activation,False,,,,,False,,995.4646392994932,
scenario_018,linear_distance,1.0,0.15,1037225636,5139,scenario_018:5139,2,17,duplication,SynII,SynII_loxPsym_220@0,SynII_loxPsym_223@0,4,19,SynII,SynII_loxPsym_222@e2l3,SynII_loxPsym_240@0,S000000440;S000000441;S000000447;S000000451;S000007595,2,True,False,False,True,True,,18.0,,False,True,True,False,0.0,2.9076285470815983e-05,2.9076285470815983e-05,True,,0.0,1.927500726618217e-06,True,final_pair_activation,False,,,,,False,,995.463538924107,
scenario_010,linear_distance,0.5,0.25,1175439774,4887,scenario_010:4887,1,2,duplication,SynIII,SynIII_loxPsym_37@0,SynIII_loxPsym_43@0,2,18,SynIII,SynIII_loxPsym_39@e1l3,SynIII_loxPsym_59@0,S000000605;S000000606,1,True,True,False,True,True,,20.0,,False,True,True,False,0.0,2.9019428197622645e-05,2.9019428197622645e-05,True,,0.0,3.2062193199279786e-06,True,final_pair_activation,False,,,,,False,,995.4626888507942,
scenario_021,linear_distance,1.0,0.25,92951844,3024,scenario_021:3024,4,19,duplication,SynIII,SynIII_loxPsym_32@0,SynIII_loxPsym_38@0,5,20,SynIII,SynIII_loxPsym_22@0,SynIII_loxPsym_34@e4l3,S000000522,1,True,True,False,True,True,,18.0,,False,True,True,False,0.0,2.9003566385536948e-05,2.9003566385536948e-05,True,,0.0,3.204466823358718e-06,True,final_pair_activation,False,,,,,False,,995.4624514036344,
scenario_045,partial_hic_fallback,0.5,0.03,1710054020,9026,scenario_045:9026,1,5,duplication,SynII,SynII_loxPsym_146@0,SynII_loxPsym_154@0,2,6,SynII,SynII_loxPsym_148@0,SynII_loxPsym_151@e1l9,S000000313;S000000314,1,True,True,False,True,True,,11.0,,False,True,True,False,0.0,2.8719343668315784e-05,2.8719343668315784e-05,True,,0.0,3.807677280114658e-07,True,final_pair_activation,True,0.7989858994021525,0.7975569999949752,0.0105931406073248,0.010574195927143,False,-0.0025824130875107,995.4581745106229,
scenario_022,linear_distance,1.0,0.3,1561271711,2634,scenario_022:2634,2,6,duplication,SynII,SynII_loxPsym_67@0,SynII_loxPsym_76@0,8,20,SynII,SynII_loxPsym_61@0,SynII_loxPsym_70@e2l5,S000000100,6,True,False,False,True,True,,18.0,,False,True,True,False,0.0,2.8663481432772063e-05,2.8663481432772063e-05,True,,0.0,3.800270935194216e-06,True,final_pair_activation,False,,,,,False,,995.4573289381624,
scenario_011,linear_distance,0.5,0.3,3346694520,6423,scenario_011:6423,1,9,duplication,SynII,SynII_loxPsym_39@0,SynII_loxPsym_263@0,3,16,SynII,SynII_loxPsym_128@e1l177,SynII_loxPsym_132@e1l185,S000000283;S000000284,2,True,False,False,True,True,,4.0,,False,False,False,False,0.0,2.860992845327953e-05,2.860992845327953e-05,True,,0.0,0.0,False,final_pair_activation,False,,,,,False,,995.4565167717379,
scenario_010,linear_distance,0.5,0.25,1175439774,4238,scenario_010:4238,4,13,duplication,SynII,SynII_loxPsym_167@0,SynII_loxPsym_205@0,8,19,SynII,SynII_loxPsym_199@e4l63,SynII_loxPsym_215@0,S000000394;S000000396;S000000397;S000000400;S000000402,4,True,False,False,True,True,,16.0,,False,True,True,False,0.0,2.8354549313638128e-05,2.8354549313638128e-05,True,,0.0,3.13275999782397e-06,True,final_pair_activation,False,,,,,False,,995.452622748707,
scenario_004,linear_distance,0.5,0.09,340349571,2545,scenario_004:2545,1,1,duplication,SynIII,SynIII_loxPsym_31@0,SynIII_loxPsym_67@0,2,7,SynIII,SynIII_loxPsym_52@e1l41,SynIII_loxPsym_70@0,S000000631;S000000635;S000000638,1,True,True,False,True,True,,18.0,,False,True,True,False,0.0,2.8294250092216187e-05,2.8294250092216187e-05,True,,0.0,1.125395215972897e-06,True,final_pair_activation,False,,,,,False,,995.4516981879293,
scenario_019,linear_distance,1.0,0.18,1673311115,8015,scenario_019:8015,4,7,duplication,SynII,SynII_loxPsym_15@0,SynII_loxPsym_31@0,5,10,SynII,SynII_loxPsym_31@e4l31,SynII_loxPsym_49@0,S000000130;S000000131;S000000136;S000000137;S000000146,1,True,True,False,True,True,,18.0,,False,True,True,False,0.0,2.8260894029840987e-05,2.8260894029840987e-05,True,,0.0,2.24813697741716e-06,True,final_pair_activation,False,,,,,False,,995.4511858965814,
scenario_002,linear_distance,0.5,0.05,1368124422,5407,scenario_002:5407,1,8,duplication,SynII,SynII_loxPsym_106@0,SynII_loxPsym_129@0,2,13,SynII,SynII_loxPsym_129@e1l45,SynII_loxPsym_147@0,S000000283;S000000284;S000000291;S000000292;S000000293;S000000295;S000000306,1,True,True,False,True,True,,18.0,,False,True,True,False,0.0,2.820899181473825e-05,2.820899181473825e-05,True,,0.0,6.233356076913565e-07,True,final_pair_activation,False,,,,,False,,995.4503875648112,
scenario_052,partial_hic_fallback,0.5,0.18,4293388631,2323,scenario_052:2323,1,5,duplication,SynII,SynII_loxPsym_207@0,SynII_loxPsym_212@0,2,6,SynII,SynII_loxPsym_202@0,SynII_loxPsym_209@e1l3,S000000394;S000000396;S000000397,1,True,True,False,True,True,,12.0,,False,True,True,False,0.0,2.7850632594651456e-05,2.7850632594651456e-05,True,,0.0,2.215500929106589e-06,True,final_pair_activation,False,,,,,False,,995.4448350641146,
scenario_043,linear_distance,2.0,0.25,1281578188,6757,scenario_043:6757,1,4,duplication,SynII,SynII_loxPsym_184@0,SynII_loxPsym_185@0,3,12,SynII,SynII_loxPsym_185@e1l1,SynII_loxPsym_195@0,S000000371,2,True,False,False,True,True,,10.0,,False,True,True,False,0.0,2.7795744780865108e-05,2.7795744780865108e-05,True,,0.0,3.0710203289084064e-06,True,final_pair_activation,False,,,,,False,,995.4439783153556,
scenario_043,linear_distance,2.0,0.25,1281578188,6908,scenario_043:6908,1,5,duplication,SynII,SynII_loxPsym_39@0,SynII_loxPsym_40@0,3,14,SynII,SynII_loxPsym_40@e1l1,SynII_loxPsym_50@0,S000000126;S000000130;S000000131;S000000136;S000000137,2,True,False,False,True,True,,10.0,,False,True,True,False,0.0,2.7795744780865108e-05,2.7795744780865108e-05,True,,0.0,3.0710203289084064e-06,True,final_pair_activation,True,0.3608883889620246,0.3605455340809903,0.0398728506002236,0.0398349701865912,False,-0.0013712553791892,995.4439783153556,
scenario_011,linear_distance,0.5,0.3,3346694520,7960,scenario_011:7960,1,5,duplication,SynII,SynII_loxPsym_191@0,SynII_loxPsym_194@0,2,10,SynII,SynII_loxPsym_173@0,SynII_loxPsym_192@e1l1,S000000356;S000000357;S000000358;S000000359;S000000371,1,True,True,False,True,True,,22.0,,False,True,True,False,0.0,2.7785936603033804e-05,2.7785936603033804e-05,True,,0.0,3.6839240036951226e-06,True,final_pair_activation,False,,,,,False,,995.4438250404834,
scenario_042,linear_distance,2.0,0.2,212422559,7747,scenario_042:7747,4,10,duplication,SynII,SynII_loxPsym_175@0,SynII_loxPsym_179@0,7,18,SynII,SynII_loxPsym_172@0,SynII_loxPsym_178@e4l5,S000000356;S000000357;S000000358;S000000359,3,True,False,False,True,True,,10.0,,False,True,True,False,0.0,2.7676353899533245e-05,2.7676353899533245e-05,True,,0.0,2.4462635162499056e-06,True,final_pair_activation,False,,,,,False,,995.4421088753219,
scenario_020,linear_distance,1.0,0.2,3518261095,7567,scenario_020:7567,1,4,duplication,SynIII,SynIII_loxPsym_4@0,SynIII_loxPsym_56@0,3,12,SynIII,SynIII_loxPsym_14@e1l19,SynIII_loxPsym_31@e1l53,S000000522;S000000536,2,True,False,False,True,True,,17.0,,False,False,False,False,0.0,2.751807130864709e-05,2.751807130864709e-05,True,,0.0,0.0,False,final_pair_activation,False,,,,,False,,995.4396179917231,
scenario_052,partial_hic_fallback,0.5,0.18,4293388631,682,scenario_052:682,1,6,duplication,SynII,SynII_loxPsym_236@0,SynII_loxPsym_245@0,2,12,SynII,SynII_loxPsym_234@0,SynII_loxPsym_237@e1l1,S000000447,1,True,True,False,True,True,,12.0,,False,True,True,False,0.0,2.7507393135218914e-05,2.7507393135218914e-05,True,,0.0,2.1881964383129084e-06,True,final_pair_activation,False,,,,,False,,995.4394494344233,
scenario_008,linear_distance,0.5,0.18,732349602,1093,scenario_008:1093,2,10,duplication,SynII,SynII_loxPsym_73@0,SynII_loxPsym_180@0,3,12,SynII,SynII_loxPsym_45@e2l55,SynII_loxPsym_193@0,S000000371,1,True,True,False,True,True,,18.0,,False,True,True,False,0.0,2.7131579013176687e-05,2.7131579013176687e-05,True,,0.0,2.158300652867955e-06,True,final_pair_activation,False,,,,,False,,995.4334750697201,
scenario_001,linear_distance,0.5,0.03,3697332404,7083,scenario_001:7083,1,7,duplication,SynII,SynII_loxPsym_0@0,SynII_loxPsym_75@0,2,11,SynII,SynII_loxPsym_65@e1l129,SynII_loxPsym_78@0,S000000215,1,True,True,False,True,True,,13.0,,False,True,True,False,0.0,2.706886444631216e-05,2.706886444631216e-05,True,,0.0,3.588852911859411e-07,True,final_pair_activation,False,,,,,False,,995.4324700372613,
